"Yerevan, Armenia"
"Yerevan, Armenia"
"Yerevan, Armenia"
Armenia
"Yerevan, Armenia"
"Yerevan, Armenia"
"Yerevan, Armenia"
"Yerevan, Armenia"
"Yerevan, Armenia"
"Yerevan, Armenia"
"Yerevan, Armenia"
"Yerevan, Armenia"
solid development
"Yerevan, Armenia"
"Yerevan, Armenia"
"Moscow, Russia"
"Moscow, Russia"
"Yerevan, Armenia"
"Yerevan, Armenia"
"Yerevan, Armenia"
"Yerevan, Armenia"
"Yerevan, Armenia"
"Yerevan, Armenia"
"Sharjah, United Arab Emirates"
"Yerevan, Armenia"
"Yerevan, Armenia"
"Yerevan, Armenia"
"Yerevan, Armenia"
"Yerevan, Armenia"
"Yerevan, Armenia"
"Batumi, Georgia"
"Yerevan, Armenia"
"Yerevan, Armenia"
"Yerevan, Armenia"
"Yerevan, Armenia"
"Yerevan, Armenia"
"Yerevan, Armenia"
"Yerevan, Armenia"
"Yerevan, Armenia"
"Yerevan, Armenia"
"Yerevan, Armenia"
"Yerevan, Armenia"
"Yerevan, Armenia"
"Yerevan, Armenia"
"Yerevan, Armenia"
"Yerevan, Armenia"
"Yerevan, Armenia"
"Yerevan, Armenia"
"Yerevan, Armenia"
"Yerevan, Armenia"
"Yerevan, Armenia"
"Yerevan, Armenia"
"Yerevan, Armenia"
"Yerevan, Armenia"
"Yerevan, Armenia"
"Yerevan, Armenia"
"Yerevan, Armenia"
"Yerevan, Armenia"
"Yerevan, Armenia"
"Yerevan, Armenia"
"Yerevan, Armenia"
"Yerevan, Armenia"
"Yerevan, Armenia"
"Yerevan, Armenia"
"Yerevan, Armenia"
"Yerevan, Armenia"
"Yerevan, Armenia"
"Yerevan, Armenia"
"Yerevan, Armenia"
"Yerevan, Armenia"
"Yerevan, Armenia"
"Yerevan, Armenia"
"Yerevan, Armenia"
"Yerevan, Armenia"
"Yerevan, Armenia"
"Yerevan, Armenia"
"Yerevan, Armenia"
"Yerevan, Armenia"
"Yerevan, Armenia"
"Yerevan, Armenia"
"Yerevan, Armenia"
"Yerevan, Armenia"
"Yerevan, Armenia"
"Yerevan, Armenia"
"Yerevan, Armenia"
"Yerevan, Armenia"
Armenia | US
"Yerevan, Armenia"
"Yerevan, Armenia"
"Yerevan, Armenia"
"Yerevan, Armenia"
"Yerevan, Armenia"
"Yerevan, Armenia"
"Yerevan, Armenia"
"Yerevan, Armenia"
"Yerevan, Armenia"
"Yerevan, Armenia"
"Yerevan, Armenia"
"Yerevan, Armenia"
"Yerevan, Armenia"
"Yerevan, Armenia"
"Tbilisi, Georgia"
"Yerevan, Armenia"
"Yerevan, Armenia"
"Yerevan, Armenia"
"Yerevan, Armenia"
"Yerevan, Armenia"
"Yerevan, Armenia"
"Yerevan, Armenia"
"Yerevan, Armenia"
"Yerevan, Armenia"
"Yerevan, Armenia"
"Yerevan, Armenia"
"Yerevan, Armenia"
"Yerevan, Armenia"
"Yerevan, Armenia"
"Yerevan, Armenia"
"Yerevan, Armenia"
"Yerevan, Armenia"
"Yerevan, Armenia"
"Yerevan, Armenia"
"Yerevan, Armenia"
"Yerevan, Armenia"
"Yerevan, Armenia"
"Yerevan, Armenia"
"Yerevan, Armenia"
"Yerevan, Armenia"
"Yerevan, Armenia"
"Yerevan, Armenia"
"Yerevan, Armenia"
"Yerevan, Armenia"
"Yerevan, Armenia"
"Yerevan, Armenia"
"Yerevan, Armenia"
"Yerevan, Armenia"
"Yerevan, Armenia"
"Yerevan, Armenia"
"Yerevan, Armenia"
"Yerevan, Armenia"
"Yerevan, Armenia"
"Yerevan, Armenia"
"Yerevan, Armenia"
"Yerevan, Armenia"
"Yerevan, Armenia"
"Yerevan, Armenia"
"Yerevan, Armenia"
"Yerevan, Armenia"
"Yerevan, Armenia"
"Yerevan, Armenia"
"Yerevan, Armenia"
"Yerevan, Armenia"
"Yerevan, Armenia"
"Yerevan, Armenia"
"Yerevan, Armenia"
"Yerevan, Armenia"
"Yerevan, Armenia"
"Yerevan, Armenia"
"Yerevan, Armenia"
"Yerevan, Armenia"
"Yerevan, Armenia"
"Yerevan, Armenia"
"Yerevan, Armenia"
"Yerevan, Armenia"
"Yerevan, Armenia"
"Yerevan, Armenia"
"Yerevan, Armenia"
"Yerevan, Armenia"
"Yerevan, Armenia"
"Yerevan, Armenia"
"Yerevan, Armenia"
"Yerevan, Armenia"
"Yerevan, Armenia"
"Yerevan, Armenia"
"Yerevan, Armenia"
"Yerevan, Armenia"
"Yerevan, Armenia"
"Yerevan, Armenia"
"Yerevan, Armenia"
"Yerevan, Armenia"
"Yerevan, Armenia"
"Yerevan, Armenia"
"Yerevan, Armenia"
"Yerevan, Armenia"
"Yerevan, Armenia"
"Yerevan, Armenia"
"Yerevan, Armenia"
"Yerevan, Armenia"
"Yerevan, Armenia"
"Yerevan, Armenia"
"Yerevan, Armenia"
"Yerevan, Armenia"
"Yerevan, Armenia"
"Yerevan, Armenia"
"Yerevan, Armenia"
"Yerevan, Armenia"
"Yerevan, Armenia"
"Yerevan, Armenia"
"Yerevan, Armenia"
"Yerevan, Armenia"
"Yerevan, Armenia"
"Yerevan, Armenia"
"Yerevan, Armenia"
"Yerevan, Armenia"
"Yerevan, Armenia"
"Yerevan, Armenia"
"Yerevan, Armenia"
"Yerevan, Armenia"
"Yerevan, Armenia"
"Yerevan, Armenia"
"Yerevan, Armenia"
"Yerevan, Armenia"
"Yerevan, Armenia"
"Yerevan, Armenia"
"Yerevan, Armenia"
"Yerevan, Armenia"
"Yerevan, Armenia"
"Yerevan, Armenia"
"Yerevan, Armenia"
"Yerevan, Armenia"
"Yerevan, Armenia"
"Yerevan, Armenia"
"Yerevan, Armenia"
"Yerevan, Armenia"
"Yerevan, Armenia"
"Yerevan, Armenia"
"Yerevan, Armenia"
"Yerevan, Armenia"
"Yerevan, Armenia"
"Yerevan, Armenia"
"Yerevan, Armenia"
"Yerevan, Armenia"
"Yerevan, Armenia"
"Yerevan, Armenia"
"Yerevan, Armenia"
"Yerevan, Armenia"
"Yerevan, Armenia"
"Yerevan, Armenia"
"Yerevan, Armenia"
"Yerevan, Armenia"
"Yerevan, Armenia | Brussels, Belgium"
"Yerevan, Armenia"
"Village Merdzavan, Armenia"
"Yerevan, Armenia"
"Yerevan, Armenia"
"Yerevan, Armenia"
"Yerevan, Armenia"
"Yerevan, Armenia"
"Yerevan, Armenia"
"Yerevan, Armenia"
"Yerevan, Armenia"
"Yerevan, Armenia"
"Yerevan, Armenia"
"Yerevan, Armenia"
"Yerevan, Armenia"
"Yerevan, Armenia"
"Yerevan, Armenia"
"Yerevan, Armenia"
"Yerevan, Armenia"
"Yerevan, Armenia"
"Yerevan, Armenia"
"Yerevan, Armenia"
"Yerevan, Armenia"
"Yerevan, Armenia"
"Yerevan, Armenia"
"Yerevan, Armenia"
"Yerevan, Armenia"
"Yerevan, Armenia"
"Yerevan, Armenia"
"Yerevan, Armenia"
""
"Yerevan, Armenia"
"Yerevan, Armenia"
"Yerevan, Armenia"
"Yerevan, Armenia"
"Yerevan, Armenia"
"Yerevan, Armenia"
"Yerevan, Armenia"
"Yerevan, Armenia"
"Yerevan, Armenia"
"Yerevan, Armenia"
"Yerevan, Armenia"
"Yerevan, Armenia"
"Yerevan, Armenia"
"Yerevan, Armenia"
"Yerevan, Armenia"
"Yerevan, Armenia"
"Yerevan, Armenia"
"Yerevan, Armenia"
"Yerevan, Armenia"
"Yerevan, Armenia"
"Yerevan, Armenia"
"Yerevan, Armenia"
"Yerevan, Armenia"
"Yerevan, Armenia"
"Yerevan, Armenia"
"Dubai, UAE"
"Yerevan, Armenia"
"Yerevan, Armenia"
"To be determined (may include travel) - Armenia, Russia"
"Yerevan, Armenia"
"Yerevan, Armenia"
"Yerevan, Armenia"
"Yerevan, Armenia"
"Yerevan, Armenia"
"Yerevan, Armenia"
"Yerevan, Armenia"
"Yerevan, Armenia"
"Yerevan, Armenia"
"Yerevan, Armenia"
"Yerevan, Armenia"
"Yerevan, Armenia"
"Yerevan, Armenia"
"Yerevan, Armenia"
"Yerevan, Armenia"
"Ijevan, Tavoush region"
"Yerevan, Armenia"
"Yerevan, Armenia"
"Yerevan, Armenia"
"Tbilisi, Georgia"
"Tbilisi, Georgia"
"Yerevan, Armenia"
"Los Angeles, United States"
"Yerevan, Armenia"
"Yerevan, Armenia"
"Yerevan, Armenia"
"Yerevan, Armenia"
"Yerevan, Armenia"
"Yerevan, Armenia"
"Yerevan, Armenia"
"Yerevan, Armenia"
"Yerevan, Armenia"
"Yerevan, Armenia"
"Yerevan, Armenia"
"Yerevan, Armenia"
"Yerevan, Armenia"
"Yerevan, Armenia"
"Yerevan, Armenia"
"Yerevan, Armenia"
"Yerevan, Armenia"
"Yerevan, Armenia"
"Yerevan, Armenia"
"Yerevan, Armenia"
"Yerevan, Armenia"
"Yerevan, Armenia"
"Yerevan, Armenia"
"Yerevan, Armenia"
"Yerevan, Armenia"
"Abovyan, Armenia"
"Yerevan, Armenia"
"Yerevan, Armenia"
"Yerevan, Armenia"
"Yerevan, Armenia"
"Yerevan, Armenia"
"Yerevan, Armenia"
"Yerevan, Armenia"
"Yerevan, Armenia"
"Yerevan, Armenia"
"Yerevan, Armenia"
"Yerevan, Armenia"
"Yerevan, Armenia"
"Yerevan, Armenia"
"Yerevan, Armenia"
"Yerevan, Armenia"
"Yerevan, Armenia"
"Yerevan, Armenia"
"Yerevan, Armenia"
"Yerevan, Armenia"
"Yerevan, Armenia"
"Yerevan, Armenia"
"Yerevan, Armenia"
"Yerevan, Armenia"
"Yerevan, Armenia"
"Yerevan, Armenia"
"Yerevan, Armenia"
"Yerevan, Armenia"
"Yerevan, Armenia"
"Yerevan, Armenia"
"Yerevan, Armenia"
"Yerevan, Armenia"
"Yerevan, Armenia"
"Yerevan, Armenia"
"Yerevan, Armenia"
"Yerevan, Armenia"
"Yerevan, Armenia"
"Ararat, Zod | Meghradzor, Armenia"
"Yerevan, Armenia"
"Yerevan, Armenia"
"Yerevan, Armenia"
"Yerevan, Armenia"
"Yerevan, Armenia"
"Yerevan, Armenia"
"Yerevan, Armenia"
"Yerevan, Armenia"
"Yerevan, Armenia"
"Yerevan, Armenia"
"Yerevan, Armenia"
"Yerevan, Armenia"
"Yerevan, Armenia"
"Yerevan, Armenia"
"Yerevan, Armenia"
"Yerevan, Armenia"
"Yerevan, Armenia"
"Yerevan, Armenia"
"Yerevan, Armenia"
"Yerevan, Armenia"
"Yerevan, Armenia"
"Yerevan, Armenia"
"Yerevan, Armenia"
"Yerevan, Armenia"
"Yerevan, Armenia"
"Yerevan, Armenia"
"Yerevan, Armenia"
"Yerevan, Armenia"
"Yerevan, Armenia"
"Yerevan, Armenia"
"Yerevan, Armenia"
"Yerevan, Armenia"
"Yerevan, Armenia"
"Yerevan, Armenia"
"Yerevan, Armenia"
"Mumbai, India"
"Yerevan, Armenia"
"Yerevan, Armenia"
"Yerevan, Armenia"
"Yerevan, Armenia"
"Yerevan, Armenia"
"Yerevan, Armenia"
"Yerevan, Armenia"
"Yerevan, Armenia"
"Yerevan, Armenia"
"Yerevan, Armenia"
"Yerevan, Armenia"
"Yerevan, Armenia"
"Yerevan, Armenia"
"Yerevan, Armenia"
"Yerevan, Armenia"
"Klin, Russia"
"Yerevan, Armenia"
"Yerevan, Armenia"
"Yerevan, Armenia"
"Yerevan, Armenia"
"Yerevan, Armenia"
"Yerevan, Armenia"
"Yerevan, Armenia"
"Yerevan, Armenia"
"Yerevan, Armenia"
"Yerevan, Armenia"
"Yerevan, Armenia"
"Yerevan, Armenia"
"Yerevan, Armenia"
"Yerevan, Armenia"
"Yerevan, Armenia"
"Yerevan, Armenia"
"Yerevan, Armenia"
"Yerevan, Armenia"
"Yerevan, Armenia"
"Yerevan, Armenia"
"Yerevan, Armenia"
"Yerevan, Armenia"
"Moscow, Russia"
"Yerevan, Armenia"
"Yerevan, Armenia"
"Yerevan, Armenia"
"Yerevan, Armenia"
"Yerevan, Armenia"
"Yerevan, Armenia"
"Yerevan, Armenia"
"Klin, Russia"
"Yerevan, Armenia"
"Yerevan, Armenia"
"Yerevan, Armenia"
"Yerevan, Armenia"
"Yerevan, Armenia"
"Yerevan, Armenia"
"Yerevan, Armenia"
"Yerevan, Armenia"
"Yerevan, Armenia"
"Yerevan, Armenia"
"Yerevan, Armenia"
"Yerevan, Armenia"
"Yerevan, Armenia"
"Yerevan, Armenia"
"Yerevan, Armenia"
"Yerevan, Armenia"
"Yerevan, Armenia"
"Yerevan, Armenia"
"Yerevan, Armenia"
"Yerevan, Armenia"
"Yerevan, Armenia"
"Yerevan, Armenia"
"Yerevan, Armenia"
"Yerevan, Armenia"
"Yerevan, Armenia"
"Yerevan, Armenia"
"Yerevan, Armenia"
"Yerevan, Armenia"
"Yerevan, Armenia"
"Yerevan, Armenia"
"Yerevan, Armenia"
"Yerevan, Armenia"
"Yerevan, Armenia"
"Yerevan, Armenia"
"Yerevan, Armenia"
"Yerevan, Armenia"
"Yerevan, Armenia"
"Yerevan, Armenia"
"Yerevan, Armenia"
"Yerevan, Armenia"
Armenia
"Yerevan, Armenia"
"Yerevan, Armenia"
"Yerevan, Armenia"
"Yerevan, Armenia"
"Yerevan, Armenia"
"Yerevan, Armenia"
"Yerevan, Armenia"
"Yerevan, Armenia"
"Yerevan, Armenia"
"Yerevan, Armenia"
"Yerevan, Armenia"
"Yerevan, Armenia"
"Yerevan, Armenia"
"Yerevan, Armenia"
"Yerevan, Armenia"
"Yerevan, Armenia"
"Yerevan, Armenia"
"Yerevan, Armenia"
"Yerevan, Armenia"
"Yerevan, Armenia"
"Yerevan, Armenia"
"Yerevan, Armenia"
"Yerevan, Armenia"
"Yerevan, Armenia"
"Yerevan, Armenia"
"Yerevan, Armenia"
"Yerevan, Armenia"
"Yerevan, Armenia"
"Yerevan, Armenia"
"Yerevan, Armenia"
"Yerevan, Armenia"
"Yerevan, Armenia"
"Yerevan, Armenia"
"Yerevan, Armenia"
"Yerevan, Armenia"
"Yerevan, Armenia"
"Yerevan, Armenia"
"Yerevan, Armenia"
"Yerevan, Armenia"
"Yerevan, Armenia"
"Yerevan, Armenia"
"Yerevan, Armenia"
"Yerevan, Armenia"
"Yerevan, Armenia"
"Yerevan, Armenia"
"Yerevan, Armenia"
"Yerevan, Armenia"
"Yerevan, Armenia"
"Yerevan, Armenia"
"Yerevan, Armenia"
"Yerevan, Armenia"
"Yerevan, Armenia"
"Yerevan, Armenia"
"Yerevan, Armenia"
"Yerevan, Armenia"
"Yerevan, Armenia"
"Yerevan, Armenia"
"Yerevan, Armenia"
"Yerevan, Armenia"
"Yerevan, Armenia"
"Yerevan, Armenia"
"Yerevan, Armenia"
"Yerevan, Armenia"
"Yerevan, Armenia"
"Yerevan, Armenia"
"Yerevan, Armenia"
"Yerevan, Armenia"
"Yerevan, Armenia"
"Yerevan, Armenia"
"Yerevan, Armenia"
"Yerevan, Armenia"
"Yerevan, Armenia"
"Yerevan, Armenia"
"Yerevan, Armenia"
"Yerevan, Armenia"
"Yerevan, Armenia"
"Yerevan, Armenia"
"Yerevan, Armenia"
"Yerevan, Armenia"
"Yerevan, Armenia"
"Yerevan, Armenia"
"Yerevan, Armenia"
"Yerevan, Armenia"
"Yerevan, Armenia"
"Yerevan, Armenia"
"Yerevan, Armenia"
"Yerevan, Armenia"
"Yerevan, Armenia"
"Yerevan, Armenia"
"Yerevan, Armenia"
"Yerevan, Armenia"
"Yerevan, Armenia"
"Yerevan, Armenia"
"Yerevan, Armenia"
"Yerevan, Armenia"
"Yerevan, Armenia"
"Yerevan, Armenia"
"Yerevan, Armenia"
"Yerevan, Armenia"
"Yerevan, Armenia"
"Yerevan, Armenia"
"Yerevan, Armenia"
"Yerevan, Armenia"
"Yerevan, Armenia"
"Yerevan, Armenia"
"Yerevan, Armenia"
"Yerevan, Armenia"
"Yerevan, Armenia"
"Yerevan, Armenia"
"Yerevan, Armenia"
"Yerevan, Armenia"
"Yerevan, Armenia"
"Kapan, Syunik region"
"Yerevan, Armenia"
"Yerevan, Armenia"
"Yerevan, Armenia"
"Yerevan, Armenia"
"Yerevan, Armenia"
"Yerevan, Armenia"
"Yerevan, Armenia"
"Yerevan, Armenia"
"Yerevan, Armenia"
"Yerevan, Armenia"
"Yerevan, Armenia"
"Yerevan, Armenia"
"Yerevan, Armenia"
"Yerevan, Armenia"
"Yerevan, Armenia"
"Yerevan, Armenia"
"Yerevan, Armenia"
"Yerevan, Armenia"
"Yerevan, Armenia"
"Yerevan, Armenia"
"Yerevan, Armenia"
"Yerevan, Armenia"
"Yerevan, Armenia"
"Yerevan, Armenia"
"Yerevan, Armenia"
"Yerevan, Armenia"
"Yerevan, Armenia"
"Yerevan, Armenia"
"Yerevan, Armenia"
"Yerevan, Armenia"
"Yerevan, Armenia"
"Yerevan, Armenia"
"Yerevan, Armenia"
"Yerevan, Armenia"
"Yerevan, Armenia"
"Yerevan, Armenia"
"Yerevan, Armenia"
"Yerevan, Armenia"
"Yerevan, Armenia"
"Yerevan, Armenia"
"Yerevan, Armenia"
"Yerevan, Armenia"
"Yerevan, Armenia"
"Yerevan, Armenia"
"Yerevan, Armenia"
"Yerevan, Armenia"
"Yerevan, Armenia"
"Yerevan, Armenia"
"Yerevan, Armenia"
"Yerevan, Armenia"
"Yerevan, Armenia"
"Yerevan, Armenia"
"Yerevan, Armenia"
"Yerevan, Armenia"
"Yerevan, Armenia"
"Yerevan, Armenia"
"Yerevan, Armenia"
"Yerevan, Armenia"
"Yerevan, Armenia"
"Yerevan, Armenia"
"Yerevan, Armenia"
"Yerevan, Armenia"
"Yerevan, Armenia"
"Yerevan, Armenia"
"Yerevan, Armenia"
"Yerevan, Armenia"
"Yerevan, Armenia"
"Yerevan, Armenia"
"Yerevan, Armenia"
"Yerevan, Armenia"
"Yerevan, Armenia"
"Yerevan, Armenia"
"Yerevan, Armenia"
"Yerevan, Armenia"
"Yerevan, Armenia"
"Yerevan, Armenia"
"Yerevan, Armenia"
"Yerevan, Armenia"
"Yerevan, Armenia"
"Yerevan, Armenia"
"Yerevan, Armenia"
"Yerevan, Armenia"
"Yerevan, Armenia"
"Yerevan, Armenia"
"Yerevan, Armenia"
"Yerevan, Armenia"
"Yerevan, Armenia"
"Yerevan, Armenia"
"Yerevan, Armenia"
"Yerevan, Armenia"
"Yerevan, Armenia"
"Yerevan, Armenia"
"Yerevan, Armenia"
"Yerevan, Armenia"
"Yerevan, Armenia"
"Yerevan, Armenia"
"Yerevan, Armenia"
"Yerevan, Armenia"
"Yerevan, Armenia"
"Yerevan, Armenia"
"Yerevan, Armenia"
"Yerevan, Armenia"
"Yerevan, Armenia"
"Yerevan, Armenia"
"Yerevan, Armenia"
"Yerevan, Armenia"
"Yerevan, Armenia"
"Abovyan, Armenia"
"Yerevan, Armenia"
"Yerevan, Armenia"
"Yerevan, Armenia"
"Yerevan, Armenia"
"Yerevan, Armenia"
"Yerevan, Armenia"
"Yerevan, Armenia"
"Yerevan, Armenia"
"Yerevan, Armenia"
"Yerevan, Armenia"
"Yerevan, Armenia"
"Yerevan, Armenia"
"Yerevan, Armenia"
"Yerevan, Armenia"
"Yerevan, Armenia"
"Yerevan, Armenia"
"Yerevan, Armenia"
"Yerevan, Armenia"
"Yerevan, Armenia"
"Yerevan, Armenia"
"Yerevan, Armenia"
"Yerevan, Armenia"
"Yerevan, Armenia"
"Yerevan, Armenia"
"Yerevan, Armenia"
"Yerevan, Armenia"
"Yerevan, Armenia"
"Yerevan, Armenia"
"Yerevan, Armenia"
"Yerevan, Armenia"
"Yerevan, Armenia"
"Yerevan, Armenia"
"Yerevan, Armenia"
"Yerevan, Armenia"
"Yerevan, Armenia"
"Yerevan, Armenia"
"Yerevan, Armenia"
"Yerevan, Armenia"
"Yerevan, Armenia"
"Yerevan, Armenia"
"Yerevan, Armenia"
"Yerevan, Armenia"
"Yerevan, Armenia"
"Yerevan, Armenia"
"Yerevan, Armenia"
"Yerevan, Armenia"
"Yerevan, Armenia"
"Yerevan, Armenia"
"Yerevan, Armenia"
"Yerevan, Armenia"
"Yerevan, Armenia"
"Yerevan, Armenia"
"Yerevan, Armenia"
"Yerevan, Armenia"
"Yerevan, Armenia"
"Yerevan, Armenia"
"Yerevan, Armenia"
"Yerevan, Armenia"
"Yerevan, Armenia"
"Yerevan, Armenia"
"Yerevan, Armenia"
"Yerevan, Armenia"
"Yerevan, Armenia"
"Yerevan, Armenia"
"Yerevan, Armenia"
"Yerevan, Armenia"
"Yerevan, Armenia"
"Yerevan, Armenia"
"Yerevan, Armenia"
"Yerevan, Armenia"
"Yerevan, Armenia"
"Yerevan, Armenia"
"Yerevan, Armenia"
"Yerevan, Armenia"
"Yerevan, Armenia"
"Yerevan, Armenia"
"Yerevan, Armenia"
"Yerevan, Armenia"
"Yerevan, Armenia"
"Yerevan, Armenia"
"Yerevan, Armenia"
"Yerevan, Armenia"
"Yerevan, Armenia"
"Yerevan, Armenia"
"Yerevan, Armenia"
"Yerevan, Armenia"
"Yerevan, Armenia"
"Yerevan, Armenia"
"Yerevan, Armenia"
"Yerevan, Armenia"
"Yerevan, Armenia"
"Yerevan, Armenia"
"Yerevan, Armenia"
"Yerevan, Armenia"
"Yerevan, Armenia"
"Yerevan, Armenia"
"Yerevan, Armenia"
"Yerevan, Armenia"
"Yerevan, Armenia"
"Yerevan, Armenia"
"Yerevan, Armenia"
"Yerevan, Armenia"
"Yerevan, Armenia"
"Yerevan, Armenia"
"Yerevan, Armenia"
"Yerevan, Armenia"
"Yerevan, Armenia"
"Yerevan, Armenia"
"Yerevan, Armenia"
"Yerevan, Armenia"
"Yerevan, Armenia"
"Yerevan, Armenia"
"Yerevan, Armenia"
"Yerevan, Armenia"
"Yerevan, Armenia"
"Yerevan, Armenia"
"Yerevan, Armenia"
"Yerevan, Armenia"
"Yerevan, Armenia"
"Yerevan, Armenia"
"Yerevan, Armenia"
"Yerevan, Armenia"
"Yerevan, Armenia"
"Yerevan, Armenia"
"Yerevan, Armenia"
"Yerevan, Armenia"
"Yerevan, Armenia"
"Yerevan, Armenia"
"Yerevan, Armenia"
"Yerevan, Armenia"
"Yerevan, Armenia"
"Yerevan, Armenia"
"Yerevan, Armenia"
"Yerevan, Armenia"
"Yerevan, Armenia"
"Yerevan, Armenia"
"Yerevan, Armenia"
"Yerevan, Armenia"
"Yerevan, Armenia"
"Yerevan, Armenia"
"Yerevan, Armenia"
"Yerevan, Armenia"
"Yerevan, Armenia"
"Yerevan, Armenia"
"Yerevan, Armenia"
"Yerevan, Armenia"
"Yerevan, Armenia"
"Yerevan, Armenia"
"Yerevan, Armenia"
"Yerevan, Armenia"
"Yerevan, Armenia"
"Lund, Sweden"
"Yerevan, Armenia"
"Yerevan, Armenia"
"Lund, Sweden"
"Yerevan, Armenia"
"Yerevan, Armenia"
"Yerevan, Armenia"
"Yerevan, Armenia"
"Yerevan, Armenia"
"Yerevan, Armenia"
"Yerevan, Armenia"
"Yerevan, Armenia"
"Yerevan, Armenia"
"Yerevan, Armenia"
"Yerevan, Armenia"
"Yerevan, Armenia"
"Yerevan, Armenia"
"Yerevan, Armenia"
"Yerevan, Armenia"
"Yerevan, Armenia"
"Yerevan, Armenia"
"Yerevan, Armenia"
"Yerevan, Armenia"
"Yerevan, Armenia"
"Yerevan, Armenia"
"Yerevan, Armenia"
"Yerevan, Armenia"
"Yerevan, Armenia"
"Yerevan, Armenia"
"Yerevan, Armenia"
"Yerevan, Armenia"
"Yerevan, Armenia"
"V. Mayakovskiy, Kotayk region"
"Yerevan, Armenia"
"Yerevan, Armenia"
"Yerevan, Armenia"
"Yerevan, Armenia"
"Yerevan, Armenia"
"Yerevan, Armenia"
"Yerevan, Armenia"
"Yerevan, Armenia"
"Yerevan, Armenia"
"Yerevan, Armenia"
"Yerevan, Armenia"
"Yerevan, Armenia"
"Yerevan, Armenia"
"Yerevan, Armenia"
"Yerevan, Armenia"
"Yerevan, Armenia"
"Yerevan, Armenia"
"Yerevan, Armenia"
"Yerevan, Armenia"
"Yerevan, Armenia"
"Yerevan, Armenia"
"Yerevan, Armenia"
"Yerevan, Armenia"
"Yerevan, Armenia"
"Yerevan, Armenia"
"Yerevan, Armenia"
"Yerevan, Armenia"
"Yerevan, Armenia"
"Yerevan, Armenia"
"Yerevan, Armenia"
"Yerevan, Armenia"
"Yerevan, Armenia"
"Yerevan, Armenia"
"Yerevan, Armenia"
"Yerevan, Armenia"
"Yerevan, Armenia"
"Yerevan, Armenia"
"Yerevan, Armenia"
"Yerevan, Armenia"
"Yerevan, Armenia"
"Yerevan, Armenia"
"Yerevan, Armenia"
"Yerevan, Armenia"
"Yerevan, Armenia"
"Yerevan, Armenia"
"Yerevan, Armenia"
"Yerevan, Armenia"
"Yerevan, Armenia"
"Yerevan, Armenia"
"Yerevan, Armenia"
"Yerevan, Armenia"
"Yerevan, Armenia"
"Yerevan, Armenia"
"Yerevan, Armenia"
"Yerevan, Armenia"
"Yerevan, Armenia"
"Yerevan, Armenia"
"Yerevan, Armenia"
"Yerevan, Armenia"
"Yerevan, Armenia"
"Yerevan, Armenia"
"Yerevan, Armenia"
"Yerevan, Armenia"
"Yerevan, Armenia"
"Yerevan, Armenia"
"Yerevan, Armenia"
"Yerevan, Armenia"
"Yerevan, Armenia"
"Yerevan, Armenia"
"Yerevan, Armenia"
"Yerevan, Armenia"
"Yerevan, Armenia"
"Yerevan, Armenia"
"Yerevan, Armenia"
"Yerevan, Armenia"
"Yerevan, Armenia"
"Yerevan, Armenia"
"Yerevan, Armenia"
"Yerevan, Armenia"
"Yerevan, Armenia"
"Yerevan, Armenia"
"Yerevan, Armenia"
"Yerevan, Armenia"
"Yerevan, Armenia"
"Yerevan, Armenia"
"Yerevan, Armenia"
"Yerevan, Armenia"
"Yerevan, Armenia"
"Yerevan, Armenia"
"Yerevan, Armenia"
"Yerevan, Armenia"
"Yerevan, Armenia"
"Yerevan, Armenia"
"Yerevan, Armenia"
"Yerevan, Armenia"
"Yerevan, Armenia"
"Yerevan, Armenia"
"Yerevan, Armenia"
"Yerevan, Armenia"
"Yerevan, Armenia"
"Yerevan, Armenia"
"Yerevan, Armenia"
"Yerevan, Armenia"
"Yerevan, Armenia"
"Yerevan, Armenia"
"Yerevan, Armenia"
"Yerevan, Armenia"
"Yerevan, Armenia"
"Yerevan, Armenia"
"Yerevan, Armenia"
"Yerevan, Armenia"
"Yerevan, Armenia"
"Yerevan, Armenia"
"Yerevan, Armenia"
"Yerevan, Armenia"
"Yerevan, Armenia"
"Yerevan, Armenia"
"Yerevan, Armenia"
"Yerevan, Armenia"
"Yerevan, Armenia"
"Yerevan, Armenia"
"Yerevan, Armenia"
"Yerevan, Armenia"
"Yerevan, Armenia"
"Yerevan, Armenia"
"Yerevan, Armenia"
"Yerevan, Armenia"
"Yerevan, Armenia"
"Yerevan, Armenia"
"Yerevan, Armenia"
"Yerevan, Armenia"
"Yerevan, Armenia"
"Yerevan, Armenia"
"Yerevan, Armenia"
"Yerevan, Armenia"
"Yerevan, Armenia"
"Yerevan, Armenia"
"Yerevan, Armenia"
"Yerevan, Armenia"
"Yerevan, Armenia"
"Yerevan, Armenia"
"Yerevan, Armenia"
"Yerevan, Armenia"
"Yerevan, Armenia"
"Yerevan, Armenia"
"Yerevan, Armenia"
"Yerevan, Armenia"
"Yerevan, Armenia"
"Yerevan, Armenia"
"Yerevan, Armenia"
"Yerevan, Armenia"
"Yerevan, Armenia"
"Yerevan, Armenia"
"Yerevan, Armenia"
"Yerevan, Armenia"
"Yerevan, Armenia"
"Yerevan, Armenia"
"Yerevan, Armenia"
"Yerevan, Armenia"
"Yerevan, Armenia"
"Yerevan, Armenia"
"Yerevan, Armenia"
"Yerevan, Armenia"
"Yerevan, Armenia"
"Yerevan, Armenia"
"Yerevan, Armenia"
"Yerevan, Armenia"
"Yerevan, Armenia"
"Yerevan, Armenia"
"Yerevan, Armenia"
"Yerevan, Armenia"
"Yerevan, Armenia"
"Yerevan, Armenia"
"Yerevan, Armenia"
"Yerevan, Armenia"
"Yerevan, Armenia"
"Yerevan, Armenia"
"Yerevan, Armenia"
"Yerevan, Armenia"
"Yerevan, Armenia"
"Yerevan, Armenia"
"Yerevan, Armenia"
"Yerevan, Armenia"
"Yerevan, Armenia"
"Yerevan, Armenia"
"Yerevan, Armenia"
"Yerevan, Armenia"
"Yerevan, Armenia"
"Yerevan, Armenia"
"Yerevan, Armenia"
"Yerevan, Armenia"
"Yerevan, Armenia"
"Yerevan, Armenia"
"Yerevan, Armenia"
"Yerevan, Armenia"
"Yerevan, Armenia"
"Yerevan, Armenia"
"Yerevan, Armenia"
"Yerevan, Armenia"
"Yerevan, Armenia"
"Yerevan, Armenia"
"Yerevan, Armenia"
"Yerevan, Armenia"
"Yerevan, Armenia"
"Yerevan, Armenia"
"Yerevan, Armenia"
"Yerevan, Armenia"
"Yerevan, Armenia"
"Yerevan, Armenia"
"Yerevan, Armenia"
"Yerevan, Armenia"
"Yerevan, Armenia"
"Yerevan, Armenia"
"Yerevan, Armenia"
"Yerevan, Armenia"
"Yerevan, Armenia"
"Yerevan, Armenia"
"Yerevan, Armenia"
"Yerevan, Armenia"
"Yerevan, Armenia"
"Yerevan, Armenia"
"Yerevan, Armenia"
"Yerevan, Armenia"
"Yerevan, Armenia"
"Yerevan, Armenia"
"Yerevan, Armenia"
"Yerevan, Armenia"
"Yerevan, Armenia"
"Yerevan, Armenia"
"Yerevan, Armenia"
"Yerevan, Armenia"
"Kimry, Russia"
"Yerevan, Armenia"
"Yerevan, Armenia"
"Yerevan, Armenia"
"Yerevan, Armenia"
"Yerevan, Armenia"
"Yerevan, Armenia"
"Yerevan, Armenia"
"Yerevan, Armenia"
"Yerevan, Armenia"
"Yerevan, Armenia"
"Yerevan, Armenia"
"Yerevan, Armenia"
"Yerevan, Armenia"
"Yerevan, Armenia"
"Port Louis, Mauritius"
"Yerevan, Armenia"
"Yerevan, Armenia"
"Yerevan, Armenia"
"Yerevan, Armenia"
"Yerevan, Armenia"
"Yerevan, Armenia"
"Yerevan, Armenia"
"Yerevan, Armenia"
"Yerevan, Armenia"
"Yerevan, Armenia"
"Yerevan, Armenia"
"Yerevan, Armenia"
"Yerevan, Armenia"
"Yerevan, Armenia"
"Yerevan, Armenia"
"Yerevan, Armenia"
"Yerevan, Armenia"
"Yerevan, Armenia"
"Yerevan, Armenia"
"Yerevan, Armenia"
"Yerevan, Armenia"
"Yerevan, Armenia"
""
"Yerevan, Armenia"
"Yerevan, Armenia"
"Yerevan, Armenia"
"Yerevan, Armenia"
"Yerevan, Armenia"
"Yerevan, Armenia"
"Yerevan, Armenia"
"Yerevan, Armenia"
"Yerevan, Armenia"
"Yerevan, Armenia"
"Yerevan, Armenia"
"Yerevan, Armenia"
"Yerevan, Armenia"
"Yerevan, Armenia"
"Yerevan, Armenia"
"Yerevan, Armenia"
"Yerevan, Armenia"
""
""
"Yerevan, Armenia"
"Yerevan, Armenia"
"Yerevan, Armenia"
"Yerevan, Armenia"
"Gavar, Armenia"
"Yerevan, Armenia"
"Yerevan, Armenia"
"Yerevan, Armenia"
"Yerevan, Armenia"
"Yerevan, Armenia"
"Yerevan, Armenia"
"Yerevan, Armenia"
"Yerevan, Armenia"
"Yerevan, Armenia"
"Yerevan, Armenia"
"Etchmiadzin, Armenia"
"Yerevan, Armenia"
"Yerevan, Armenia"
"Yerevan, Armenia"
"Yerevan, Armenia"
"Yerevan, Armenia"
"Yerevan, Armenia"
"Yerevan, Armenia"
"Yerevan, Armenia"
"Yerevan, Armenia"
"Yerevan, Armenia"
"Yerevan, Armenia"
"Yerevan, Armenia"
"Yerevan, Armenia"
"Yerevan, Armenia"
"Yerevan, Armenia"
"V. Mayakovskiy, Armenia"
"Yerevan, Armenia"
"Yerevan, Armenia"
"Yerevan, Armenia"
"Yerevan, Armenia"
"Yerevan, Armenia"
"Yerevan, Armenia"
"Yerevan, Armenia"
"Yerevan, Armenia"
"Stepanakert, Nagorno Karabakh"
"Yerevan, Armenia"
"Yerevan, Armenia"
"Yerevan, Armenia"
"Yerevan, Armenia"
"Yerevan, Armenia"
"Yerevan, Armenia"
"Yerevan, Armenia"
"Yerevan, Armenia"
"Yerevan, Armenia"
"Yerevan, Armenia"
"Yerevan, Armenia"
"Yerevan, Armenia"
"Yerevan, Armenia"
"Yerevan, Armenia"
"Yerevan, Armenia"
"Yerevan, Armenia"
"Yerevan, Armenia"
"Yerevan, Armenia"
"Yerevan, Armenia"
"Yerevan, Armenia"
"Yerevan, Armenia"
"Yerevan, Armenia"
"Yerevan, Armenia"
"Yerevan, Armenia"
"Yerevan, Armenia"
"Yerevan, Armenia"
"Stepanakert, Nagorno Karabakh"
"Yerevan, Armenia"
"Yerevan, Armenia"
"Yerevan, Armenia"
"Yerevan, Armenia"
"Yerevan, Armenia"
"Yerevan, Armenia"
"Yerevan, Armenia"
"Yerevan, Armenia"
"Yerevan, Armenia"
"Yerevan, Armenia"
"Yerevan, Armenia"
"Yerevan, Armenia"
"Yerevan, Armenia"
"Yerevan, Armenia"
"Yerevan, Armenia"
"Yerevan, Armenia"
"Yerevan, Armenia"
"Yerevan, Armenia"
"Yerevan, Armenia"
"Yerevan, Armenia"
"Yerevan, Armenia"
"Yerevan, Armenia"
"Yerevan, Armenia"
"Yerevan, Armenia"
"Yerevan, Armenia"
"Yerevan, Armenia"
"Yerevan, Armenia"
"Yerevan, Armenia"
"Yerevan, Armenia"
"Yerevan, Armenia"
"Yerevan, Armenia"
"Yerevan, Armenia"
"Yerevan, Armenia"
"Yerevan, Armenia"
"Yerevan, Armenia"
"Yerevan, Armenia"
"Yerevan, Armenia"
"Yerevan, Armenia"
"Yerevan, Armenia"
"Yerevan, Armenia"
"Yerevan, Armenia"
"Yerevan, Armenia"
"Yerevan, Armenia"
"Yerevan, Armenia"
"Yerevan, Armenia"
"Yerevan, Armenia"
"Yerevan, Armenia"
"Yerevan, Armenia"
"Yerevan, Armenia"
"Yerevan, Armenia"
"Yerevan, Armenia"
"Yerevan, Armenia"
"Yerevan, Armenia"
"Yerevan, Armenia"
"Yerevan, Armenia"
"Yerevan, Armenia"
"Yerevan, Armenia"
"Yerevan, Armenia"
"Yerevan, Armenia"
"Yerevan, Armenia"
"Yerevan, Armenia"
"Yerevan, Armenia"
"Yerevan, Armenia"
"Yerevan, Armenia"
"Yerevan, Armenia"
"Yerevan, Armenia"
"Yerevan, Armenia"
"Yerevan, Armenia"
"Yerevan, Armenia"
"Yerevan, Armenia"
"Abovyan, Armeina"
"Yerevan, Armenia"
"Etchmiadzin, Armenia"
"Yerevan, Armenia"
"Yerevan, Armenia"
"Yerevan, Armenia"
"Yerevan, Armenia"
"Yerevan, Armenia"
"Yerevan, Armenia"
"Yerevan, Armenia"
"Yerevan, Armenia"
"Yerevan, Armenia"
"Yerevan, Armenia"
"Yerevan, Armenia"
"Yerevan, Armenia"
"Yerevan, Armenia"
"Yerevan, Armenia"
"Yerevan, Armenia"
"Yerevan, Armenia"
"Yerevan, Armenia"
"Yerevan, Armenia"
"Yerevan, Armenia"
"Yerevan, Armenia"
"Yerevan, Armenia"
"Yerevan, Armenia"
"Yerevan, Armenia"
"Yerevan, Armenia"
"Yerevan, Armenia"
"Yerevan, Armenia"
"Yerevan, Armenia"
"Yerevan, Armenia"
"Yerevan, Armenia"
"Yerevan, Armenia"
"Yerevan, Armenia"
"Yerevan, Armenia"
"Yerevan, Armenia"
"Yerevan, Armenia"
"Yerevan, Armenia"
"Yerevan, Armenia"
"Yerevan, Armenia"
"Yerevan, Armenia"
"Yerevan, Armenia"
"Yerevan, Armenia"
"Yerevan, Armenia"
"Yerevan, Armenia"
"Yerevan, Armenia"
"Yerevan, Armenia"
"Yerevan, Armenia"
"Yerevan, Armenia"
"Yerevan, Armenia"
"Yerevan, Armenia"
"Yerevan, Armenia"
"Yerevan, Armenia"
"Yerevan, Armenia"
"Yerevan, Armenia"
"Yerevan, Armenia"
"Yerevan, Armenia"
"Yerevan, Armenia"
"Yerevan, Armenia"
"Yerevan, Armenia"
"Yerevan, Armenia"
"Yerevan, Armenia"
"Yerevan, Armenia"
"Yerevan, Armenia"
"Yerevan, Armenia"
"Yerevan, Armenia"
"Yerevan, Armenia"
"Yerevan, Armenia"
"Yerevan, Armenia"
"Yerevan, Armenia"
"Yerevan, Armenia"
"Yerevan, Armenia"
"Yerevan, Armenia"
"Yerevan, Armenia"
"Yerevan, Armenia"
"Yerevan, Armenia"
"Yerevan, Armenia"
"Yerevan, Armenia"
"Yerevan, Armenia"
"Yerevan, Armenia"
"Yerevan, Armenia"
"Yerevan, Armenia"
"Yerevan, Armenia"
"Yerevan, Armenia"
"Yerevan, Armenia"
"Yerevan, Armenia"
"Yerevan, Armenia"
"Yerevan, Armenia"
"Yerevan, Armenia"
"Yerevan, Armenia"
"Yerevan, Armenia"
"Yerevan, Armenia"
"Yerevan, Armenia"
"Yerevan, Armenia"
"Yerevan, Armenia"
"Yerevan, Armenia"
"Yerevan, Armenia"
"Yerevan, Armenia"
"Yerevan, Armenia"
"Yerevan, Armenia"
"Yerevan, Armenia"
"Yerevan, Armenia"
"Yerevan, Armenia"
"Yerevan, Armenia"
"Yerevan, Armenia"
"Yerevan, Armenia"
"Yerevan, Armenia"
"Yerevan, Armenia"
"Yerevan, Armenia"
"Yerevan, Armenia"
"Yerevan, Armenia"
"Yerevan, Armenia"
"Yerevan, Armenia"
"Yerevan, Armenia"
"Yerevan, Armenia"
"Yerevan, Armenia"
"Yerevan, Armenia"
"Yerevan, Armenia"
"Abovyan, Armenia"
"Yerevan, Armenia"
"Yerevan, Armenia"
"Yerevan, Armenia"
"Yerevan, Armenia"
"Yerevan, Armenia"
"Yerevan, Armenia"
"Yerevan, Armenia"
"Yerevan, Armenia"
"Yerevan, Armenia"
"Yerevan, Armenia"
"Yerevan, Armenia"
"Yerevan, Armenia"
"Yerevan, Armenia"
"Yerevan, Armenia"
"Yerevan, Armenia"
"Yerevan, Armenia"
"Yerevan, Armenia"
"Yerevan, Armenia"
"Yerevan, Armenia"
"Yerevan, Armenia"
"Yerevan, Armenia"
"Yerevan, Armenia"
"Yerevan, Armenia"
"Yerevan, Armenia"
"Yerevan, Armenia"
"Yerevan, Armenia"
"Yerevan, Armenia"
"Yerevan, Armenia"
"Yerevan, Armenia"
"Yerevan, Armenia"
"Yerevan, Armenia"
"Yerevan, Armenia"
"Yerevan, Armenia"
"Yerevan, Armenia"
"Yerevan, Armenia"
"Yerevan, Armenia"
"Yerevan, Armenia"
"Yerevan, Armenia"
"Yerevan, Armenia"
"Yerevan, Armenia"
"Yerevan, Armenia"
"Yerevan, Armenia"
"Yerevan, Armenia"
"Yerevan, Armenia"
"Yerevan, Armenia"
"Yerevan, Armenia"
"Yerevan, Armenia"
"Yerevan, Armenia"
"Yerevan, Armenia"
"Yerevan, Armenia"
"Yerevan, Armenia"
"Yerevan, Armenia"
"Yerevan, Armenia"
"Yerevan, Armenia"
"Yerevan, Armenia"
"Yerevan, Armenia"
"Yerevan, Armenia"
"Yerevan, Armenia"
"Yerevan, Armenia"
"Yerevan, Armenia"
"Yerevan, Armenia"
"Yerevan, Armenia"
"Yerevan, Armenia"
"Yerevan, Armenia"
"Yerevan, Armenia"
"Yerevan, Armenia"
"Yerevan, Armenia"
"Yerevan, Armenia"
"Yerevan, Armenia"
"Yerevan, Armenia"
"Yerevan, Armenia"
"Yerevan, Armenia"
"Yerevan, Armenia"
"Yerevan, Armenia"
"Yerevan, Armenia"
"Yerevan, Armenia"
"Yerevan, Armenia"
"Yerevan, Armenia"
"Yerevan, Armenia"
"Yerevan, Armenia"
"Yerevan, Armenia"
"Yerevan, Armenia"
"Yerevan, Armenia"
"Yerevan, Armenia"
"Yerevan, Armenia"
"Yerevan, Armenia"
"Yerevan, Armenia"
"Yerevan, Armenia"
"Yerevan, Armenia"
"Yerevan, Armenia"
"Yerevan, Armenia"
"Yerevan, Armenia"
"Yerevan, Armenia"
"Yerevan, Armenia"
"Yerevan, Armenia"
"Yerevan, Armenia"
"Yerevan, Armenia"
"Yerevan, Armenia"
"Yerevan, Armenia"
"Yerevan, Armenia"
"Yerevan, Armenia"
"Yerevan, Armenia"
"Yerevan, Armenia"
"Yerevan, Armenia"
"Yerevan, Armenia"
"Yerevan, Armenia"
"Yerevan, Armenia"
"Yerevan, Armenia"
"Yerevan, Armenia"
""
"Yerevan, Armenia"
"Yerevan, Armenia"
"Yerevan, Armenia"
"Yerevan, Armenia"
"Yerevan, Armenia"
"Yerevan, Armenia"
"Yerevan, Armenia"
"Yerevan, Armenia"
"Artashat, Armenia"
"Abovyan, Armenia"
"Yerevan, Armenia"
"Yerevan, Armenia"
"Yerevan, Armenia"
"Yerevan, Armenia"
"Yerevan, Armenia"
"Yerevan, Armenia"
"Yerevan, Armenia"
"Yerevan, Armenia"
"Yerevan, Armenia"
"Yerevan, Armenia"
"Yerevan, Armenia"
"Yerevan, Armenia"
"Yerevan, Armenia"
"Yerevan, Armenia"
"Yerevan, Armenia"
"Yerevan, Armenia"
"Yerevan, Armenia"
"Yerevan, Armenia"
"Yerevan, Armenia"
"Yerevan, Armenia"
"Yerevan, Armenia"
"Yerevan, Armenia"
"Yerevan, Armenia"
"Yerevan, Armenia"
"Yerevan, Armenia"
"Yerevan, Armenia"
"Yerevan, Armenia"
"Yerevan, Armenia"
"Yerevan, Armenia"
"Yerevan, Armenia"
"Yerevan, Armenia"
"Yerevan, Armenia"
"Yerevan, Armenia"
"Yerevan, Armenia"
"Yerevan, Armenia"
"Yerevan, Armenia"
"Yerevan, Armenia"
"Yerevan, Armenia"
"Yerevan, Armenia"
"Yerevan, Armenia"
"Yerevan, Armenia"
"Yerevan, Armenia"
"Yerevan, Armenia"
"Yerevan, Armenia"
"Yerevan, Armenia"
"Yerevan, Armenia"
"Yerevan, Armenia"
"Yerevan, Armenia"
"Yerevan, Armenia"
"Yerevan, Armenia"
"Yerevan, Armenia"
"Yerevan, Armenia"
"Yerevan, Armenia"
"Yerevan, Armenia"
"Yerevan, Armenia"
"Yerevan, Armenia"
"Yerevan, Armenia"
"Yerevan, Armenia"
"Yerevan, Armenia"
"Yerevan, Armenia"
"Yerevan, Armenia"
"Yerevan, Armenia"
"Yerevan, Armenia"
"Yerevan, Armenia"
"Tbilisi, Georgia"
"Yerevan, Armenia"
"Yerevan, Armenia"
"Yerevan, Armenia"
"Yerevan, Armenia"
"Yerevan, Armenia"
"Yerevan, Armenia"
"Yerevan, Armenia"
"Yerevan, Armenia"
"Yerevan, Armenia"
"Yerevan, Armenia"
"Yerevan, Armenia"
"Yerevan, Armenia"
"Yerevan, Armenia"
"Yerevan, Armenia"
"Yerevan, Armenia"
"Yerevan, Armenia"
"Yerevan, Armenia"
"Yerevan, Armenia"
"Yerevan, Armenia"
"Yerevan, Armenia"
"Yerevan, Armenia"
"Yerevan, Armenia"
"Yerevan, Armenia"
"Yerevan, Armenia"
"Yerevan, Armenia"
"Yerevan, Armenia"
"Yerevan, Armenia"
"Yerevan, Armenia"
"Yerevan, Armenia"
"Yerevan, Armenia"
"Yerevan, Armenia"
"Yerevan, Armenia"
"Yerevan, Armenia"
"Yerevan, Armenia"
"Yerevan, Armenia"
"Yerevan, Armenia"
"Yerevan, Armenia"
"Yerevan, Armenia"
"Yerevan, Armenia"
"Yerevan, Armenia"
"Yerevan, Armenia"
"Yerevan, Armenia"
"Yerevan, Armenia"
"Yerevan, Armenia"
"Yerevan, Armenia"
"Yerevan, Armenia"
"Yerevan, Armenia"
"Yerevan, Armenia"
"Yerevan, Armenia"
"Yerevan, Armenia"
"Yerevan, Armenia"
"Yerevan, Armenia"
"Yerevan, Armenia"
"Yerevan, Armenia"
"Yerevan, Armenia"
"Yerevan, Armenia"
"Yerevan, Armenia"
"Yerevan, Armenia"
"Yerevan, Armenia"
"Yerevan, Armenia"
"Yerevan, Armenia"
"Yerevan, Armenia"
"Yerevan, Armenia"
"Yerevan, Armenia"
"Yerevan, Armenia"
"Yerevan, Armenia"
"Yerevan, Armenia"
"Yerevan, Armenia"
"Brno, Czechia"
"Yerevan, Armenia"
"Yerevan, Armenia"
"Yerevan, Armenia"
"Yerevan, Armenia"
"Yerevan, Armenia"
"Yerevan, Armenia"
"Yerevan, Armenia"
"Yerevan, Armenia"
"Yerevan, Armenia"
"Yerevan, Armenia"
"Yerevan, Armenia"
"Yerevan, Armenia"
"Yerevan, Armenia"
"Yerevan, Armenia"
"Yerevan, Armenia"
"Yerevan, Armenia"
"Yerevan, Armenia"
"Yerevan, Armenia"
"Yerevan, Armenia"
"Yerevan, Armenia"
"Yerevan, Armenia"
"Yerevan, Armenia"
"Brno, Czechia"
"Yerevan, Armenia"
"Ararat region, Armenia"
"Yerevan, Armenia"
"Yerevan, Armenia"
"Yerevan, Armenia"
"Yerevan, Armenia"
"Yerevan, Armenia"
"Yerevan, Armenia"
"Yerevan, Armenia"
"Yerevan, Armenia"
"Yerevan, Armenia"
"Yerevan, Armenia"
"Yerevan, Armenia"
"Yerevan, Armenia"
"Yerevan, Armenia"
"Yerevan, Armenia"
"Yerevan, Armenia"
"Yerevan, Armenia"
"Yerevan, Armenia"
"Yerevan, Armenia"
"Yerevan, Armenia"
"Brno, Czechia"
"Yerevan, Armenia"
"Yerevan, Armenia"
"Yerevan, Armenia"
"Yerevan, Armenia"
"Yerevan, Armenia"
"Yerevan, Armenia"
"Yerevan, Armenia"
"Yerevan, Armenia"
"Yerevan, Armenia"
"Yerevan, Armenia"
"Yerevan, Armenia"
"Yerevan, Armenia"
"Yerevan, Armenia"
"Gyumri, Armenia"
"Yerevan, Armenia"
"Yerevan, Armenia"
"Yerevan, Armenia"
"Yerevan, Armenia"
"Yerevan, Armenia"
"Yerevan, Armenia"
"Yerevan, Armenia"
"Yerevan, Armenia"
"Yerevan, Armenia"
"Yerevan, Armenia"
"Yerevan, Armenia"
"Yerevan, Armenia"
"Yerevan, Armenia"
"Yerevan, Armenia"
"Yerevan, Armenia"
"Yerevan, Armenia"
"Yerevan, Armenia"
"Yerevan, Armenia"
"Yerevan, Armenia"
"Yerevan, Armenia"
"Yerevan, Armenia"
"Yerevan, Armenia"
"Yerevan, Armenia"
"Yerevan, Armenia"
"Yerevan, Armenia"
"Yerevan, Armenia"
"Yerevan, Armenia"
"Yerevan, Armenia"
"Yerevan, Armenia"
"Yerevan, Armenia"
"Yerevan, Armenia"
"Yerevan, Armenia"
"Yerevan, Armenia"
"Yerevan, Armenia"
"Yerevan, Armenia"
"Yerevan, Armenia"
"Yerevan, Armenia"
"Yerevan, Armenia"
"Yerevan, Armenia"
"Yerevan, Armenia"
"Yerevan, Armenia"
"Yerevan, Armenia"
"Yerevan, Armenia"
"Yerevan, Armenia"
"Yerevan, Armenia"
"Yerevan, Armenia"
"Yerevan, Armenia"
"Yerevan, Armenia"
"Yerevan, Armenia"
"Yerevan, Armenia"
"Yerevan, Armenia"
"Yerevan, Armenia"
"Yerevan, Armenia"
"Yerevan, Armenia"
"Yerevan, Armenia"
"Yerevan, Armenia"
"Yerevan, Armenia"
"Yerevan, Armenia"
"Yerevan, Armenia"
"Yerevan, Armenia"
"Yerevan, Armenia"
"Yerevan, Armenia"
"Yerevan, Armenia"
"Yerevan, Armenia"
"Yerevan, Armenia"
"Yerevan, Armenia"
"Yerevan, Armenia"
"Yerevan, Armenia"
"Yerevan, Armenia"
"Yerevan, Armenia"
"Yerevan, Armenia"
"Yerevan, Armenia"
"Yerevan, Armenia"
"Yerevan, Armenia"
"Yerevan, Armenia"
"Yerevan, Armenia"
"Yerevan, Armenia"
"Yerevan, Armenia"
"Yerevan, Armenia"
"Yerevan, Armenia"
"Yerevan, Armenia"
"Yerevan, Armenia"
"Yerevan, Armenia"
"Yerevan, Armenia"
"Yerevan, Armenia"
"Yerevan, Armenia"
"Yerevan, Armenia"
"Yerevan, Armenia"
"Yerevan, Armenia"
"Yerevan, Armenia"
"Yerevan, Armenia"
"Yerevan, Armenia"
"Yerevan, Armenia"
"Yerevan, Armenia"
"Yerevan, Armenia"
"Yerevan, Armenia"
"Yerevan, Armenia"
"Yerevan, Armenia"
"Yerevan, Armenia"
"Yerevan, Armenia"
"Yerevan, Armenia"
"Yerevan, Armenia"
"Yerevan, Armenia"
"Yerevan, Armenia"
"Yerevan, Armenia"
"Yerevan, Armenia"
"Yerevan, Armenia"
"Yerevan, Armenia"
"Yerevan, Armenia"
"Yerevan, Armenia"
"Ministry of Economy of RA, Yerevan"
"Yerevan, Armenia"
"Yerevan, Armenia"
"Yerevan, Armenia"
"Czech Republic, Brno"
"Yerevan, Armenia"
"Yerevan, Armenia"
"Yerevan, Armenia"
"Yerevan, Armenia"
"Yerevan, Armenia"
"Yerevan, Armenia"
"Yerevan, Armenia"
"Yerevan, Armenia"
"Yerevan, Armenia"
"Yerevan, Armenia"
"Yerevan, Armenia"
"Yerevan, Armenia"
"Yerevan, Armenia"
"Yerevan, Armenia"
"Yerevan, Armenia"
"Yerevan, Armenia"
"Yerevan, Armenia"
"Yerevan, Armenia"
"Yerevan, Armenia"
"Yerevan, Armenia"
"Yerevan, Armenia"
"Yerevan, Armenia"
"Yerevan, Armenia"
"Yerevan, Armenia"
"Dubai, United Arab Emirates"
"Yerevan, Armenia"
"Yerevan, Armenia"
"Yerevan, Armenia"
"Yerevan, Armenia"
"Yerevan, Armenia"
"Yerevan, Armenia"
"Yerevan, Armenia"
"Yerevan, Armenia"
"Yerevan, Armenia"
"Yerevan, Armenia"
"Yerevan, Armenia"
"Yerevan, Armenia"
"Yerevan, Armenia"
"Yerevan, Armenia"
"Yerevan, Armenia"
"Yerevan, Armenia"
"Yerevan, Armenia"
"Yerevan, Armenia"
"Yerevan, Armenia"
"Yerevan, Armenia"
"Yerevan, Armenia"
"Yerevan, Armenia"
"Yerevan, Armenia"
"Yerevan, Armenia"
"Yerevan, Armenia"
"Yerevan, Armenia"
"Yerevan, Armenia"
"Yerevan, Armenia"
"Yerevan, Armenia"
"Yerevan, Armenia"
"Yerevan, Armenia"
"Yerevan, Armenia"
"Yerevan, Armenia"
"Yerevan, Armenia"
"Yerevan, Armenia"
"Yerevan, Armenia"
"Yerevan, Armenia"
"Yerevan, Armenia"
"Yerevan, Armenia"
"Yerevan, Armenia"
"Yerevan, Armenia"
"Yerevan, Armenia"
"Yerevan, Armenia"
"Yerevan, Armenia"
"Yerevan, Armenia"
"Yerevan, Armenia"
"Yerevan, Armenia"
"Yerevan, Armenia"
"Yerevan, Armenia"
"Yerevan, Armenia"
"Yerevan, Armenia"
"Yerevan, Armenia"
"Yerevan, Armenia"
"Yerevan, Armenia"
"Yerevan, Armenia"
"Yerevan, Armenia"
"Yerevan, Armenia"
"Yerevan, Armenia"
"Yerevan, Armenia"
"Yerevan, Armenia"
"Yerevan, Armenia"
"Yerevan, Armenia"
"Yerevan, Armenia"
"Yerevan, Armenia"
"Yerevan, Armenia"
"Yerevan, Armenia"
"Yerevan, Armenia"
"Yerevan, Armenia"
"Yerevan, Armenia"
"Yerevan, Armenia"
"Yerevan, Armenia"
"Yerevan, Armenia"
"Yerevan, Armenia"
"Yerevan, Armenia"
"Yerevan, Armenia"
"Yerevan, Armenia"
"Yerevan, Armenia"
"Yerevan, Armenia"
"Yerevan, Armenia"
"Yerevan, Armenia"
"Yerevan, Armenia"
"Yerevan, Armenia"
"Yerevan, Armenia"
"Yerevan, Armenia"
"Yerevan, Armenia"
"Yerevan, Armenia"
"Yerevan, Armenia"
"Yerevan, Armenia"
"Yerevan, Armenia"
"Yerevan, Armenia"
"Yerevan, Armenia"
"Yerevan, Armenia"
"Yerevan, Armenia"
"Yerevan, Armenia"
"Yerevan, Armenia"
"Yerevan, Armenia"
"Yerevan, Armenia"
"Yerevan, Armenia"
"Yerevan, Armenia"
"Yerevan, Armenia"
"Yerevan, Armenia"
"Yerevan, Armenia"
"Yerevan, Armenia"
"Yerevan, Armenia"
"Yerevan, Armenia"
"Yerevan, Armenia"
"Yerevan, Armenia"
"Yerevan, Armenia"
"Yerevan, Armenia"
"Yerevan, Armenia"
"Yerevan, Armenia"
"Yerevan, Armenia"
"Stepanakert, NKR"
"Stepanakert, NKR"
"Yerevan, Armenia"
"Yerevan, Armenia"
"Yerevan, Armenia"
"Yerevan, Armenia"
"Yerevan, Armenia"
"Yerevan, Armenia"
"Yerevan, Armenia"
"Yerevan, Armenia"
"Yerevan, Armenia"
"Yerevan, Armenia"
"Yerevan, Armenia"
"Yerevan, Armenia"
"Yerevan, Armenia"
"Yerevan, Armenia"
"Yerevan, Armenia"
"Yerevan, Armenia"
"Yerevan, Armenia"
"Yerevan, Armenia"
"Yerevan, Armenia"
"Yerevan, Armenia"
"Yerevan, Armenia"
"Yerevan, Armenia"
"Yerevan, Armenia"
"Yerevan, Armenia"
"Yerevan, Armenia"
"Yerevan, Armenia"
"Yerevan, Armenia"
"Yerevan, Armenia"
"Yerevan, Armenia"
"Yerevan, Armenia"
"Yerevan, Armenia"
"Yerevan, Armenia"
"Yerevan, Armenia"
"Yerevan, Armenia"
"Yerevan, Armenia"
"Yerevan, Armenia"
"Yerevan, Armenia"
"Yerevan, Armenia"
"Yerevan, Armenia"
"Yerevan, Armenia"
"Yerevan, Armenia"
"Yerevan, Armenia"
"Yerevan, Armenia"
"Yerevan, Armenia"
"Yerevan, Armenia"
"Yerevan, Armenia"
"Yerevan, Armenia"
"Yerevan, Armenia"
"Yerevan, Armenia"
"Yerevan, Armenia"
"Yerevan, Armenia"
"Yerevan, Armenia"
"Yerevan, Armenia"
"Yerevan, Armenia"
"Yerevan, Armenia"
"Yerevan, Armenia"
"Yerevan, Armenia"
"Yerevan, Armenia"
"Yerevan, Armenia"
"Yerevan, Armenia"
"Yerevan, Armenia"
"Yerevan, Armenia"
"Hrazdan, Armenia"
"Yerevan, Armenia"
"Yerevan, Armenia"
"Yerevan, Armenia"
"Yerevan, Armenia"
"Yerevan, Armenia"
"Yerevan, Armenia"
"Yerevan, Armenia"
"Yerevan, Armenia"
"Yerevan, Armenia"
"Yerevan, Armenia"
"Yerevan, Armenia"
"Yerevan, Armenia"
"Yerevan, Armenia"
"Yerevan, Armenia"
"Yerevan, Armenia"
"Yerevan, Armenia"
"Yerevan, Armenia"
"Yerevan, Armenia"
"Yerevan, Armenia"
"Yerevan, Armenia"
"Yerevan, Armenia"
"Yerevan, Armenia"
"Yerevan, Armenia"
"Artashat, Armenia"
"Yerevan, Armenia"
"Yerevan, Armenia"
"Yerevan, Armenia"
"Yerevan, Armenia"
"Yerevan, Armenia"
"Yerevan, Armenia"
"Yerevan, Armenia"
"Yerevan, Armenia"
"Yerevan, Armenia"
"Yerevan, Armenia"
"Yerevan, Armenia"
"Yerevan, Armenia"
"Yerevan, Armenia"
"Yerevan, Armenia"
"Yerevan, Armenia"
"Yerevan, Armenia"
"Yerevan, Armenia"
"Yerevan, Armenia"
"Yerevan, Armenia"
"Yerevan, Armenia"
"Yerevan, Armenia"
"Yerevan, Armenia"
"Yerevan, Armenia"
"Yerevan, Armenia"
"Yerevan, Armenia"
"Yerevan, Armenia"
"Yerevan, Armenia"
"Yerevan, Armenia"
"Yerevan, Armenia"
"Yerevan, Armenia"
"Yerevan, Armenia"
"Yerevan, Armenia"
"Yerevan, Armenia"
"Yerevan, Armenia"
"Yerevan, Armenia"
"Yerevan, Armenia"
"Yerevan, Armenia"
"Yerevan, Armenia"
"Yerevan, Armenia"
"Yerevan, Armenia"
"Yerevan, Armenia"
"Yerevan, Armenia"
"Yerevan, Armenia"
"Yerevan, Armenia"
"Yerevan, Armenia"
"Yerevan, Armenia"
"Yerevan, Armenia"
"Yerevan, Armenia"
"Yerevan, Armenia"
"Yerevan, Armenia"
"Yerevan, Armenia"
"Yerevan, Armenia"
"Yerevan, Armenia"
"Yerevan, Armenia"
"Yerevan, Armenia"
"Yerevan, Armenia"
"Yerevan, Armenia"
"Yerevan, Armenia"
"Yerevan, Armenia"
"Yerevan, Armenia"
"Yerevan, Armenia"
"Yerevan, Armenia"
"Yerevan, Armenia"
"Yerevan, Armenia"
"Yerevan, Armenia"
"Yerevan, Armenia"
"Yerevan, Armenia"
"Yerevan, Armenia"
"Yerevan, Armenia"
"Yerevan, Armenia"
"Yerevan, Armenia"
"Yerevan, Armenia"
"Yerevan, Armenia"
"Yerevan, Armenia"
"Yerevan, Armenia"
"Yerevan, Armenia"
"Yerevan, Armenia"
"Yerevan, Armenia"
"Yerevan, Armenia"
"Yerevan, Armenia"
"Yerevan, Armenia"
"Yerevan, Armenia"
"Yerevan, Armenia"
"Yerevan, Armenia"
"Yerevan, Armenia"
"Yerevan, Armenia"
"Yerevan, Armenia"
"Yerevan, Armenia"
"Yerevan, Armenia"
"Yerevan, Armenia"
"Yerevan, Armenia"
"Yerevan, Armenia"
"Yerevan, Armenia"
"Yerevan, Armenia"
"Yerevan, Armenia"
"Yerevan, Armenia"
"Yerevan, Armenia"
"Yerevan, Armenia"
"Yerevan, Armenia"
"Yerevan, Armenia"
"Yerevan, Armenia"
"Yerevan, Armenia"
"Yerevan, Armenia"
"Yerevan, Armenia"
"Yerevan, Armenia"
"Yerevan, Armenia"
"Yerevan, Armenia"
"Yerevan, Armenia"
"Yerevan, Armenia"
"Yerevan, Armenia"
"Yerevan, Armenia"
"Yerevan, Armenia"
"Yerevan, Armenia"
"Yerevan, Armenia"
"Yerevan, Armenia"
"Yerevan, Armenia"
"Yerevan, Armenia"
"Yerevan, Armenia"
"Yerevan, Armenia"
"Yerevan, Armenia"
"Yerevan, Armenia"
"Yerevan, Armenia"
"Yerevan, Armenia"
"Yerevan, Armenia"
"Yerevan, Armenia"
"Yerevan, Armenia"
"Yerevan, Armenia"
"Yerevan, Armenia"
"Yerevan, Armenia"
"Yerevan, Armenia"
"Abovyan, Armenia"
"Yerevan, Armenia"
"Yerevan, Armenia"
"Yerevan, Armenia"
"Yerevan, Armenia"
"Yerevan, Armenia"
"Yerevan, Armenia"
"Yerevan, Armenia"
"Yerevan, Armenia"
"Yerevan, Armenia"
"Yerevan, Armenia"
"Yerevan, Armenia"
"Yerevan, Armenia"
"Yerevan, Armenia"
"Yerevan, Armenia"
"Yerevan, Armenia"
"Yerevan, Armenia"
"Yerevan, Armenia"
"Yerevan, Armenia"
"Yerevan, Armenia"
"Yerevan, Armenia"
"Yerevan, Armenia"
"Yerevan, Armenia"
"Yerevan, Armenia"
"Yerevan, Armenia"
"Yerevan, Armenia"
"Yerevan, Armenia"
"Yerevan, Armenia"
"Yerevan, Armenia"
"Yerevan, Armenia"
"Yerevan, Armenia"
"Yerevan, Armenia"
"Yerevan, Armenia"
"Yerevan, Armenia"
"Yerevan, Armenia"
"Yerevan, Armenia"
"Yerevan, Armenia"
"Yerevan, Armenia"
"Yerevan, Armenia"
"Yerevan, Armenia"
"Yerevan, Armenia"
"Yerevan, Armenia"
"Yerevan, Armenia"
"Yerevan, Armenia"
"Yerevan, Armenia"
"Yerevan, Armenia"
"Yerevan, Armenia"
"Yerevan, Armenia"
"Yerevan, Armenia"
"Yerevan, Armenia"
"Yerevan, Armenia"
"Yerevan, Armenia"
"Yerevan, Armenia"
"Yerevan, Armenia"
"Yerevan, Armenia"
"Yerevan, Armenia"
"Yerevan, Armenia"
"Yerevan, Armenia"
"Yerevan, Armenia"
"Yerevan, Armenia"
"Yerevan, Armenia"
"Yerevan, Armenia"
"Yerevan, Armenia"
"Yerevan, Armenia"
"Yerevan, Armenia"
"Yerevan, Armenia"
"Yerevan, Armenia"
"Yerevan, Armenia"
"Yerevan, Armenia"
"Yerevan, Armenia"
"Yerevan, Armenia"
"Yerevan, Armenia"
"Yerevan, Armenia"
"Artashat, Ararat marz"
"Gavar, Gegharkunik marz"
"Yerevan, Armenia"
"Yerevan, Armenia"
"Yerevan, Armenia"
"Yerevan, Armenia"
"Yerevan, Armenia"
"Yerevan, Armenia"
"Yerevan, Armenia"
"Yerevan, Armenia"
"Yerevan, Armenia"
"Yerevan, Armenia"
"Yerevan, Armenia"
"Yerevan, Armenia"
"Yerevan, Armenia"
"Yerevan, Armenia"
"Yerevan, Armenia"
"Yerevan, Armenia"
"Yerevan, Armenia"
"Yerevan, Armenia"
"Yerevan, Armenia"
"Yerevan, Armenia"
"Yerevan, Armenia"
"Yerevan, Armenia"
"Yerevan, Armenia"
"Yerevan, Armenia"
"Yerevan, Armenia"
"Yerevan, Armenia"
"Yerevan, Armenia"
"Yerevan, Armenia"
"Yerevan, Armenia"
"Yerevan, Armenia"
"Yerevan, Armenia"
"Yerevan, Armenia"
"Yerevan, Armenia"
"Yerevan, Armenia"
"Yerevan, Armenia"
"Yerevan, Armenia"
"Yerevan, Armenia"
"Yerevan, Armenia"
"Yerevan, Armenia"
"Yerevan, Armenia"
"Yerevan, Armenia"
"Yerevan, Armenia"
"Yerevan, Armenia"
"Yerevan, Armenia"
"Yerevan, Armenia"
"Yerevan, Armenia"
"Yerevan, Armenia"
"Yerevan, Armenia"
"Yerevan, Armenia"
"Yerevan, Armenia"
"Yerevan, Armenia"
"Yerevan, Armenia"
"Yerevan, Armenia"
"Yerevan, Armenia"
"Yerevan, Armenia"
"Yerevan, Armenia"
"Yerevan, Armenia"
"Yerevan, Armenia"
"Yerevan, Armenia"
"Yerevan, Armenia"
"Yerevan, Armenia"
"Yerevan, Armenia"
"Yerevan, Armenia"
"Yerevan, Armenia"
"Yerevan, Armenia"
"Yerevan, Armenia"
"Yerevan, Armenia"
"Yerevan, Armenia"
"Yerevan, Armenia"
"Yerevan, Armenia"
"Yerevan, Armenia"
"Yerevan, Armenia"
"Yerevan, Armenia"
"Yerevan, Armenia"
"Yerevan, Armenia"
"Yerevan, Armenia"
"Yerevan, Armenia"
"Yerevan, Armenia"
"Yerevan, Armenia"
"Yerevan, Armenia"
"Yerevan, Armenia"
"Yerevan, Armenia"
"Yerevan, Armenia"
"Yerevan, Armenia"
"Yerevan, Armenia"
"Yerevan, Armenia"
"Yerevan, Armenia"
"Yerevan, Armenia"
"Yerevan, Armenia"
"Yerevan, Armenia"
"Yerevan, Armenia"
"Yerevan, Armenia"
"Yerevan, Armenia"
"Yerevan, Armenia"
"Yerevan, Armenia"
"Yerevan, Armenia"
"Yerevan, Armenia"
"Yerevan, Armenia"
"Yerevan, Armenia"
"Yerevan, Armenia"
"Yerevan, Armenia"
"Yerevan, Armenia"
"Yerevan, Armenia"
"Yerevan, Armenia"
"Yerevan, Armenia"
"Yerevan, Armenia"
"Yerevan, Armenia"
"Yerevan, Armenia"
"Yerevan, Armenia"
"Yerevan, Armenia"
"Yerevan, Armenia"
"Yerevan, Armenia"
"Yerevan, Armenia"
"Yerevan, Armenia"
"Yerevan, Armenia"
"Yerevan, Armenia"
"Yerevan, Armenia"
"Yerevan, Armenia"
"Yerevan, Armenia"
"Yerevan, Armenia"
"Yerevan, Armenia"
"Yerevan, Armenia"
"Yerevan, Armenia"
"Yerevan, Armenia"
"Yerevan, Armenia"
"Yerevan, Armenia"
"Yerevan, Armenia"
"Yerevan, Armenia"
"Yerevan, Armenia"
"Yerevan, Armenia"
"Yerevan, Armenia"
"Yerevan, Armenia"
"Yerevan, Armenia"
"Yerevan, Armenia"
"Yerevan, Armenia"
"Yerevan, Armenia"
"Yerevan, Armenia"
"Yerevan, Armenia"
"Yerevan, Armenia"
"Yerevan, Armenia"
"Yerevan, Armenia"
"Yerevan, Armenia"
"Yerevan, Armenia"
"Yerevan, Armenia"
"Yerevan, Armenia"
"Yerevan, Armenia"
"Yerevan, Armenia"
"Yerevan, Armenia"
"Yerevan, Armenia"
"Yerevan, Armenia"
"Yerevan, Armenia"
"Yerevan, Armenia"
"Yerevan, Armenia"
"Yerevan, Armenia"
"Yerevan, Armenia"
"Yerevan, Armenia"
"Yerevan, Armenia"
"Yerevan, Armenia"
"Yerevan, Armenia"
"Yerevan, Armenia"
"Yerevan, Armenia"
"Yerevan, Armenia"
"Yerevan, Armenia"
"Yerevan, Armenia"
"Yerevan, Armenia"
"Yerevan, Armenia"
"Yerevan, Armenia"
"Yerevan, Armenia"
"Yerevan, Armenia"
"Yerevan, Armenia"
"Yerevan, Armenia"
"Yerevan, Armenia"
"Yerevan, Armenia"
"Yerevan, Armenia"
"Yerevan, Armenia"
"Yerevan, Armenia"
"Yerevan, Armenia"
"Yerevan, Armenia"
"Yerevan, Armenia"
"Yerevan, Armenia"
"Yerevan, Armenia"
"Yerevan, Armenia"
"Yerevan, Armenia"
"Yerevan, Armenia"
"Yerevan, Armenia"
"Yerevan, Armenia"
"Yerevan, Armenia"
"Yerevan, Armenia"
"Yerevan, Armenia"
"Yerevan, Armenia"
"Yerevan, Armenia"
"Yerevan, Armenia"
"Yerevan, Armenia"
"Yerevan, Armenia"
"Yerevan, Armenia"
"Yerevan, Armenia"
"Yerevan, Armenia"
"Yerevan, Armenia"
"Yerevan, Armenia"
"Yerevan, Armenia"
"Yerevan, Armenia"
"Yerevan, Armenia"
"Yerevan, Armenia"
"Yerevan, Armenia"
"Yerevan, Armenia"
"Yerevan, Armenia"
"Yerevan, Armenia"
"Yerevan, Armenia"
"Yerevan, Armenia"
"Yerevan, Armenia"
"Yerevan, Armenia"
"Yerevan, Armenia"
"Yerevan, Armenia"
"Yerevan, Armenia"
"Yerevan, Armenia"
"Yerevan, Armenia"
"Yerevan, Armenia"
"Yerevan, Armenia"
"Yerevan, Armenia"
"Yerevan, Armenia"
"Yerevan, Armenia"
"Yerevan, Armenia"
"Yerevan, Armenia"
"Yerevan, Armenia"
"Yerevan, Armenia"
"Yerevan, Armenia"
"Yerevan, Armenia"
"Yerevan, Armenia"
"Yerevan, Armenia"
"Yerevan, Armenia"
"Yerevan, Armenia"
"Yerevan, Armenia"
"Yerevan, Armenia"
"Yerevan, Armenia"
"Yerevan, Armenia"
"Yerevan, Armenia"
"Yerevan, Armenia"
"Yerevan, Armenia"
"Yerevan, Armenia"
"Yerevan, Armenia"
"Yerevan, Armenia"
"Yerevan, Armenia"
"Yerevan, Armenia"
"Yerevan, Armenia"
"Yerevan, Armenia"
"Yerevan, Armenia"
"Yerevan, Armenia"
"Yerevan, Armenia"
"Yerevan, Armenia"
"Yerevan, Armenia"
"Yerevan, Armenia"
"Yerevan, Armenia"
"Yerevan, Armenia"
"Yerevan, Armenia"
"Yerevan, Armenia"
"Yerevan, Armenia"
"Yerevan, Armenia"
"Yerevan, Armenia"
"Gyumri, Armenia"
"Yerevan, Armenia"
"Yerevan, Armenia"
"Yerevan, Armenia"
"Yerevan, Armenia"
"Yerevan, Armenia"
"Yerevan, Armenia"
"Yerevan, Armenia"
"Yerevan, Armenia"
"Yerevan, Armenia"
"Yerevan, Armenia"
"Yerevan, Armenia"
"Yerevan, Armenia"
"Yerevan, Armenia"
"Yerevan, Armenia"
"Yerevan, Armenia"
"Yerevan, Armenia"
"Yerevan, Armenia"
"Yerevan, Armenia"
"Yerevan, Armenia"
"Yerevan, Armenia"
"Yerevan, Armenia"
"Yerevan, Armenia"
"Yerevan, Armenia"
"Yerevan, Armenia"
"Yerevan, Armenia"
"Yerevan, Armenia"
"Yerevan, Armenia"
"Yerevan, Armenia"
"Yerevan, Armenia"
"Yerevan, Armenia"
"Yerevan, Armenia"
"Yerevan, Armenia"
"Yerevan, Armenia"
"Yerevan, Armenia"
"Yerevan, Armenia"
"Yerevan, Armenia"
"Yerevan, Armenia"
"Yerevan, Armenia"
"Yerevan, Armenia"
"Yerevan, Armenia"
"Yerevan, Armenia"
"Yerevan, Armenia"
"Yerevan, Armenia"
"Yerevan, Armenia"
"Yerevan, Armenia"
"Yerevan, Armenia"
"Yerevan, Armenia"
"Yerevan, Armenia"
"Yerevan, Armenia"
"Yerevan, Armenia"
"Yerevan, Armenia"
"Yerevan, Armenia"
"Yerevan, Armenia"
"Yerevan, Armenia"
"Yerevan, Armenia"
"Yerevan, Armenia"
"Yerevan, Armenia"
"Yerevan, Armenia"
"Yerevan, Armenia"
"Yerevan, Armenia"
"Yerevan, Armenia"
"Yerevan, Armenia"
"Yerevan, Armenia"
"Yerevan, Armenia"
"Yerevan, Armenia"
"Yerevan, Armenia"
"Yerevan, Armenia"
"Yerevan, Armenia"
""
"Yerevan, Armenia"
"Yerevan, Armenia"
"Yerevan, Armenia"
"Yerevan, Armenia"
"Yerevan, Armenia"
"Yerevan, Armenia"
"Yerevan, Armenia"
"Yerevan, Armenia"
"Yerevan, Armenia"
"Yerevan, Armenia"
"Yerevan, Armenia"
"Yerevan, Armenia"
"Yerevan, Armenia"
"Yerevan, Armenia"
"Yerevan, Armenia"
"Yerevan, Armenia"
"Yerevan, Armenia"
"Yerevan, Armenia"
"Yerevan, Armenia"
"Yerevan, Armenia"
"Yerevan, Armenia"
"Yerevan, Armenia"
"Yerevan, Armenia"
"Yerevan, Armenia"
"Yerevan, Armenia"
"Yerevan, Armenia"
"Yerevan, Armenia"
"Yerevan, Armenia"
"Yerevan, Armenia"
"Yerevan, Armenia"
"Yerevan, Armenia"
"Stepanakert, NKR"
"Yerevan, Armenia"
"Yerevan, Armenia"
"Yerevan, Armenia"
"Yerevan, Armenia"
"Yerevan, Armenia"
"Yerevan, Armenia"
"Yerevan, Armenia"
"Yerevan, Armenia"
"Yerevan, Armenia"
"Yerevan, Armenia"
"Yerevan, Armenia"
"Yerevan, Armenia"
"Yerevan, Armenia"
"Yerevan, Armenia"
"Yerevan, Armenia"
"Yerevan, Armenia"
"Yerevan, Armenia"
"Yerevan, Armenia"
"Yerevan, Armenia"
"Yerevan, Armenia"
"Abovyan, Armenia"
"Abovyan, Armenia"
"Yerevan, Armenia"
"Yerevan, Armenia"
"Yerevan, Armenia"
"Yerevan, Armenia"
"Yerevan, Armenia"
"Yerevan, Armenia"
"Yerevan, Armenia"
"Yerevan, Armenia"
"Yerevan, Armenia"
"Yerevan, Armenia"
"Yerevan, Armenia"
"Yerevan, Armenia"
"Yerevan, Armenia"
"Yerevan, Armenia"
"Yerevan, Armenia"
"Yerevan, Armenia"
"Yerevan, Armenia"
"Yerevan, Armenia"
"Yerevan, Armenia"
"Yerevan, Armenia"
"Yerevan, Armenia"
"Yerevan, Armenia"
"Yerevan, Armenia"
"Yerevan, Armenia"
"Yerevan, Armenia"
"Yerevan, Armenia"
"Yerevan, Armenia"
"Stepanakert, NKR"
"Yerevan, Armenia"
"Yerevan, Armenia"
"Yerevan, Armenia"
"Yerevan, Armenia"
"Yerevan, Armenia"
"Yerevan, Armenia"
"Yerevan, Armenia"
"Yerevan, Armenia"
"Yerevan, Armenia"
"Yerevan, Armenia"
"Yerevan, Armenia"
"Yerevan, Armenia"
"Yerevan, Armenia"
"Yerevan, Armenia"
"Yerevan, Armenia"
"Yerevan, Armenia"
"Yerevan, Armenia"
"Yerevan, Armenia"
"Yerevan, Armenia"
"Yerevan, Armenia"
"Yerevan, Armenia"
"Yerevan, Armenia"
"Yerevan, Armenia"
"Yerevan, Armenia"
"Yerevan, Armenia"
"Yerevan, Armenia"
"Yerevan, Armenia"
"Yerevan, Armenia"
"Yerevan, Armenia"
"Yerevan, Armenia"
"Yerevan, Armenia"
"Yerevan, Armenia"
"Yerevan, Armenia"
"Yerevan, Armenia"
"Yerevan, Armenia"
"Yerevan, Armenia"
"Yerevan, Armenia"
"Yerevan, Armenia"
"Yerevan, Armenia"
"Yerevan, Armenia"
"Yerevan, Armenia"
"Yerevan, Armenia"
"Yerevan, Armenia"
"Yerevan, Armenia"
"Yerevan, Armenia"
"Yerevan, Armenia"
"Yerevan, Armenia"
"Yerevan, Armenia"
"Yerevan, Armenia"
"Yerevan, Armenia"
"Yerevan, Armenia"
"Yerevan, Armenia"
"Yerevan, Armenia"
"Yerevan, Armenia"
"Yerevan, Armenia"
"Yerevan, Armenia"
"Yerevan, Armenia"
"Yerevan, Armenia"
"Yerevan, Armenia"
"Yerevan, Armenia"
"Yerevan, Armenia"
"Yerevan, Armenia"
"Yerevan, Armenia"
"Yerevan, Armenia"
"Yerevan, Armenia"
"Yerevan, Armenia"
"Yerevan, Armenia"
"Yerevan, Armenia"
"Yerevan, Armenia"
"Yerevan, Armenia"
"Yerevan, Armenia"
"Yerevan, Armenia"
"Yerevan, Armenia"
"Yerevan, Armenia"
"Yerevan, Armenia"
"Yerevan, Armenia"
"Yerevan, Armenia"
"Yerevan, Armenia"
"Yerevan, Armenia"
"Yerevan, Armenia"
"Yerevan, Armenia"
"Yerevan, Armenia"
"Yerevan, Armenia"
"Yerevan, Armenia"
"Yerevan, Armenia"
"Yerevan, Armenia"
"Yerevan, Armenia"
"Yerevan, Armenia"
"Yerevan, Armenia"
"Yerevan, Armenia"
"Yerevan, Armenia"
"Yerevan, Armenia"
"Yerevan, Armenia"
"Yerevan, Armenia"
"Yerevan, Armenia"
"Yerevan, Armenia"
"Yerevan, Armenia"
"Yerevan, Armenia"
"Yerevan, Armenia"
"Yerevan, Armenia"
"Yerevan, Armenia"
"Yerevan, Armenia"
"Yerevan, Armenia"
"Yerevan, Armenia"
"Yerevan, Armenia"
"Yerevan, Armenia"
"Yerevan, Armenia"
"Yerevan, Armenia"
"Yerevan, Armenia"
"Yerevan, Armenia"
"Yerevan, Armenia"
"Yerevan, Armenia"
"Yerevan, Armenia"
"Yerevan, Armenia"
"Yerevan, Armenia"
"Yerevan, Armenia"
"Yerevan, Armenia"
"Yerevan, Armenia"
"Yerevan, Armenia"
"Yerevan, Armenia"
"Yerevan, Armenia"
"Yerevan, Armenia"
"Yerevan, Armenia"
"Yerevan, Armenia"
"Yerevan, Armenia"
"Yerevan, Armenia"
"Yerevan, Armenia"
"Yerevan, Armenia"
"Yerevan, Armenia"
"Yerevan, Armenia"
"Yerevan, Armenia"
"Yerevan, Armenia"
"Yerevan, Armenia"
"Yerevan, Armenia"
"Yerevan, Armenia"
"Yerevan, Armenia"
"Yerevan, Armenia"
"Yerevan, Armenia"
"Yerevan, Armenia"
"Yerevan, Armenia"
"Yerevan, Armenia"
"Yerevan, Armenia"
"Yerevan, Armenia"
"Yerevan, Armenia"
"Yerevan, Armenia"
"Yerevan, Armenia"
"Yerevan, Armenia"
"Yerevan, Armenia"
"Yerevan, Armenia"
"Yerevan, Armenia"
"Yerevan, Armenia"
"Yerevan, Armenia"
"Yerevan, Armenia"
"Yerevan, Armenia"
"Yerevan, Armenia"
"Yerevan, Armenia"
"Yerevan, Armenia"
"Yerevan, Armenia"
"Yerevan, Armenia"
"Yerevan, Armenia"
"Yerevan, Armenia"
"Yerevan, Armenia"
"Yerevan, Armenia"
"Yerevan, Armenia"
"Yerevan, Armenia"
"Yerevan, Armenia"
"Yerevan, Armenia"
"Yerevan, Armenia"
"Yerevan, Armenia"
"Yerevan, Armenia"
"Yerevan, Armenia"
"Yerevan, Armenia"
"Yerevan, Armenia"
"Yerevan, Armenia"
"Yerevan, Armenia"
"Yerevan, Armenia"
"Yerevan, Armenia"
"Yerevan, Armenia"
"Yerevan, Armenia"
"Yerevan, Armenia"
"Yerevan, Armenia"
"Yerevan, Armenia"
"Yerevan, Armenia"
"Yerevan, Armenia"
"Yerevan, Armenia"
"Yerevan, Armenia"
"Yerevan, Armenia"
"Yerevan, Armenia"
"Yerevan, Armenia"
"Yerevan, Armenia"
"Yerevan, Armenia"
"Yerevan, Armenia"
"Yerevan, Armenia"
"Yerevan, Armenia"
"Yerevan, Armenia"
"Yerevan, Armenia"
"Yerevan, Armenia"
"Yerevan, Armenia"
"Yerevan, Armenia"
"Yerevan, Armenia"
"Yerevan, Armenia"
"Yerevan, Armenia"
"Yerevan, Armenia"
"Yerevan, Armenia"
"Yerevan, Armenia"
"Yerevan, Armenia"
"Yerevan, Armenia"
"Yerevan, Armenia"
"Yerevan, Armenia"
"Yerevan, Armenia"
"Yerevan, Armenia"
"Yerevan, Armenia"
"Yerevan, Armenia"
"Yerevan, Armenia"
"Gyumri, Armenia"
"Yerevan, Armenia"
"Yerevan, Armenia"
"Yerevan, Armenia"
"Yerevan, Armenia"
"Yerevan, Armenia"
"Yerevan, Armenia"
"Yerevan, Armenia"
"Yerevan, Armenia"
"Yerevan, Armenia"
"Yerevan, Armenia"
"Yerevan, Armenia"
"Yerevan, Armenia"
"Yerevan, Armenia"
"Yerevan, Armenia"
"Yerevan, Armenia"
"Yerevan, Armenia"
"Yerevan, Armenia"
"Yerevan, Armenia"
"Yerevan, Armenia"
"Yerevan, Armenia"
"Yerevan, Armenia"
"Yerevan, Armenia"
"Yerevan, Armenia"
"Yerevan, Armenia"
"Yerevan, Armenia"
"Yerevan, Armenia"
"Yerevan, Armenia"
"Yerevan, Armenia"
"Yerevan, Armenia"
"Yerevan, Armenia"
"Yerevan, Armenia"
"Yerevan, Armenia"
"Yerevan, Armenia"
"Yerevan, Armenia"
"Syunik marz, Armenia"
"Yerevan, Armenia"
"Yerevan, Armenia"
"Yerevan, Armenia"
"Yerevan, Armenia"
"Yerevan, Armenia"
"Yerevan, Armenia"
"Yerevan, Armenia"
"Yerevan, Armenia"
"Yerevan, Armenia"
"Yerevan, Armenia"
"Yerevan, Armenia"
"Yerevan, Armenia"
"Yerevan, Armenia"
"Yerevan, Armenia"
"Yerevan, Armenia"
"Yerevan, Armenia"
"Yerevan, Armenia"
"Yerevan, Armenia"
"Yerevan, Armenia"
"Yerevan, Armenia"
"Yerevan, Armenia"
"Yerevan, Armenia"
"Yerevan, Armenia"
"Yerevan, Armenia"
"Yerevan, Armenia"
"Yerevan, Armenia"
"Yerevan, Armenia"
"Yerevan, Armenia"
"Yerevan, Armenia"
"Yerevan, Armenia"
"Yerevan, Armenia"
"Yerevan, Armenia"
"Yerevan, Armenia"
"Yerevan, Armenia"
"Yerevan, Armenia"
"Yerevan, Armenia"
"Yerevan, Armenia"
"Yerevan, Armenia"
"Yerevan, Armenia"
"Yerevan, Armenia"
"Yerevan, Armenia"
"Yerevan, Armenia"
"Yerevan, Armenia"
"Yerevan, Armenia"
"Yerevan, Armenia"
"Yerevan, Armenia"
"Yerevan, Armenia"
"Yerevan, Armenia"
"Yerevan, Armenia"
"Yerevan, Armenia"
"Yerevan, Armenia"
"Yerevan, Armenia"
"Yerevan, Armenia"
"Yerevan, Armenia"
"Yerevan, Armenia"
"Yerevan, Armenia"
"Yerevan, Armenia"
"Yerevan, Armenia"
"Yerevan, Armenia"
"Yerevan, Armenia"
"Yerevan, Armenia"
"Yerevan, Armenia"
"Yerevan, Armenia"
"Yerevan, Armenia"
"Yerevan, Armenia"
"Yerevan, Armenia"
"Yerevan, Armenia"
"Yerevan, Armenia"
"Lori region, Armenia"
"Yerevan, Armenia"
"Yerevan, Armenia"
"Yerevan, Armenia"
"Yerevan, Armenia"
"Yerevan, Armenia"
"Yerevan, Armenia"
"Yerevan, Armenia"
"Yerevan, Armenia"
"Yerevan, Armenia"
"Yerevan, Armenia"
"Yerevan, Armenia"
"Yerevan, Armenia"
"Yerevan, Armenia"
"Yerevan, Armenia"
"Yerevan, Armenia"
"Yerevan, Armenia"
"Yerevan, Armenia"
"Yerevan, Armenia"
"Yerevan, Armenia"
"Yerevan, Armenia"
"Yerevan, Armenia"
"Yerevan, Armenia"
"Yerevan, Armenia"
"Yerevan, Armenia"
"Yerevan, Armenia"
"Yerevan, Armenia"
"Yerevan, Armenia"
"Yerevan, Armenia"
"Yerevan, Armenia"
"Yerevan, Armenia"
"Yerevan, Armenia"
"Yerevan, Armenia"
"Yerevan, Armenia"
"Yerevan, Armenia"
"Yerevan, Armenia"
"Yerevan, Armenia"
"Yerevan, Armenia"
"Yerevan, Armenia"
"Yerevan, Armenia"
"Yerevan, Armenia"
"Yerevan, Armenia"
"Yerevan, Armenia"
"Yerevan, Armenia"
"Yerevan, Armenia"
"Yerevan, Armenia"
"Yerevan, Armenia"
"Yerevan, Armenia"
"Yerevan, Armenia"
"Yerevan, Armenia"
"Yerevan, Armenia"
"Yerevan, Armenia"
"Yerevan, Armenia"
"Yerevan, Armenia"
"Yerevan, Armenia"
"Yerevan, Armenia"
"Yerevan, Armenia"
"Yerevan, Armenia"
"Yerevan, Armenia"
"Yerevan, Armenia"
"Yerevan, Armenia"
"Yerevan, Armenia"
"Yerevan, Armenia"
"Yerevan, Armenia"
"Yerevan, Armenia"
"Yerevan, Armenia"
"Yerevan, Armenia"
"Yerevan, Armenia"
"Yerevan, Armenia"
"Yerevan, Armenia"
"Yerevan, Armenia"
"Yerevan, Armenia"
"Yerevan, Armenia"
"Yerevan, Armenia"
"Yerevan, Armenia"
"Yerevan, Armenia"
"Yerevan, Armenia"
"Yerevan, Armenia"
"Yerevan, Armenia"
"Yerevan, Armenia"
"Yerevan, Armenia"
"Yerevan, Armenia"
"Yerevan, Armenia"
"Yerevan, Armenia"
"Yerevan, Armenia"
"Yerevan, Armenia"
"Yerevan, Armenia"
"Yerevan, Armenia"
"Yerevan, Armenia"
"Yerevan, Armenia"
"Yerevan, Armenia"
"Yerevan, Armenia"
"Yerevan, Armenia"
"Yerevan, Armenia"
"Yerevan, Armenia"
"Yerevan, Armenia"
"Yerevan, Armenia"
"Yerevan, Armenia"
"Yerevan, Armenia"
"Yerevan, Armenia"
"Yerevan, Armenia"
"Yerevan, Armenia"
"Yerevan, Armenia"
"Yerevan, Armenia"
"Yerevan, Armenia"
"Yerevan, Armenia"
"Yerevan, Armenia"
"Yerevan, Armenia"
"Yerevan, Armenia"
"Yerevan, Armenia"
"Yerevan, Armenia"
"Yerevan, Armenia"
"Yerevan, Armenia"
"Yerevan, Armenia"
"Yerevan, Armenia"
"Yerevan, Armenia"
"Yerevan, Armenia"
"Yerevan, Armenia"
"Yerevan, Armenia"
"Yerevan, Armenia"
"Yerevan, Armenia"
"Yerevan, Armenia"
"Yerevan, Armenia"
"Yerevan, Armenia"
"Yerevan, Armenia"
"Yerevan, Armenia"
"Yerevan, Armenia"
"Yerevan, Armenia"
"Yerevan, Armenia"
"Yerevan, Armenia"
"Yerevan, Armenia"
"Yerevan, Armenia"
"Yerevan, Armenia"
"Yerevan, Armenia"
"Yerevan, Armenia"
"Yerevan, Armenia"
"Yerevan, Armenia"
"Yerevan, Armenia"
"Yerevan, Armenia"
"Vanadzor, Armenia"
"Yerevan, Armenia"
"Yerevan, Armenia"
"Yerevan, Armenia"
"Alaverdi, Armenia"
"Yerevan, Armenia"
"Yerevan, Armenia"
"Yerevan, Armenia"
"Yerevan, Armenia"
"Yerevan, Armenia"
"Yerevan, Armenia"
"Yerevan, Armenia"
"Yerevan, Armenia"
"Yerevan, Armenia"
"Yerevan, Armenia"
"Yerevan, Armenia"
"Yerevan, Armenia"
"Yerevan, Armenia"
"Yerevan, Armenia"
"Yerevan, Armenia"
"Yerevan, Armenia"
"Yerevan, Armenia"
"Yerevan, Armenia"
"Yerevan, Armenia"
"Yerevan, Armenia"
"Yerevan, Armenia"
"Yerevan, Armenia"
"Yerevan, Armenia"
"Yerevan, Armenia"
"Yerevan, Armenia"
"Yerevan, Armenia"
"Yerevan, Armenia"
"Yerevan, Armenia"
"Yerevan, Armenia"
"Yerevan, Armenia"
"Yerevan, Armenia"
"Yerevan, Armenia"
"Yerevan, Armenia"
"Yerevan, Armenia"
"Yerevan, Armenia"
"Yerevan, Armenia"
"Yerevan, Armenia"
"Yerevan, Armenia"
"Yerevan, Armenia"
"Yerevan, Armenia"
"Yerevan, Armenia"
"Yerevan, Armenia"
"Yerevan, Armenia"
"Yerevan, Armenia"
"Yerevan, Armenia"
"Yerevan, Armenia"
"Yerevan, Armenia"
"Yerevan, Armenia"
"Yerevan, Armenia"
"Yerevan, Armenia"
"Yerevan, Armenia"
"Yerevan, Armenia"
"Yerevan, Armenia"
"Yerevan, Armenia"
"Yerevan, Armenia"
"Yerevan, Armenia"
"Yerevan, Armenia"
"Yerevan, Armenia"
"Yerevan, Armenia"
"Yerevan, Armenia"
"Yerevan, Armenia"
"Yerevan, Armenia"
"Yerevan, Armenia"
"Yerevan, Armenia"
"Yerevan, Armenia"
"Yerevan, Armenia"
"Yerevan, Armenia"
"Yerevan, Armenia"
"Yerevan, Armenia"
"Yerevan, Armenia"
"Yerevan, Armenia"
"Yerevan, Armenia"
"Yerevan, Armenia"
"Yerevan, Armenia"
"Yerevan, Armenia"
"Yerevan, Armenia"
"Yerevan, Armenia"
"Yerevan, Armenia"
"Yerevan, Armenia"
"Yerevan, Armenia"
"Yerevan, Armenia"
"Yerevan, Armenia"
"Yerevan, Armenia"
"Yerevan, Armenia"
"Yerevan, Armenia"
"Yerevan, Armenia"
"Yerevan, Armenia"
"Yerevan, Armenia"
"Yerevan, Armenia"
"Yerevan, Armenia"
"Yerevan, Armenia"
"Yerevan, Armenia"
"Yerevan, Armenia"
"Yerevan, Armenia"
"Yerevan, Armenia"
"Yerevan, Armenia"
"Yerevan, Armenia"
"Yerevan, Armenia"
"Yerevan, Armenia"
"Yerevan, Armenia"
"Yerevan, Armenia"
"Yerevan, Armenia"
"Yerevan, Armenia"
"Yerevan, Armenia"
"Yerevan, Armenia"
"Yerevan, Armenia"
"Yerevan, Armenia"
"Yerevan, Armenia"
"Yerevan, Armenia"
"Yerevan, Armenia"
"Yerevan, Armenia"
"Yerevan, Armenia"
"v. Vardadzor, Martakert region"
"Yerevan, Armenia"
"Yerevan, Armenia"
"Yerevan, Armenia"
"Yerevan, Armenia"
"Yerevan, Armenia"
"Yerevan, Armenia"
"Yerevan, Armenia"
"Yerevan, Armenia"
"Yerevan, Armenia"
"Yerevan, Armenia"
"Yerevan, Armenia"
"Yerevan, Armenia"
"Yerevan, Armenia"
"Yerevan, Armenia"
"Yerevan, Armenia"
"Yerevan, Armenia"
"Yerevan, Armenia"
"Yerevan, Armenia"
"Yerevan, Armenia"
"Yerevan, Armenia"
"Yerevan, Armenia"
"Yerevan, Armenia"
"Yerevan, Armenia"
"Yerevan, Armenia"
"Yerevan, Armenia"
"Jermuk, Armenia"
"Yerevan, Armenia"
"Yerevan, Armenia"
"Yerevan, Armenia"
"Yerevan, Armenia"
"Yerevan, Armenia"
"Yerevan, Armenia"
"Yerevan, Armenia"
"Yerevan, Armenia"
"Yerevan, Armenia"
"Yerevan, Armenia"
"Yerevan, Armenia"
"Yerevan, Armenia"
"Yerevan, Armenia"
"Yerevan, Armenia"
"Yerevan, Armenia"
"Yerevan, Armenia"
"Yerevan, Armenia"
"Yerevan, Armenia"
"Yerevan, Armenia"
"Yerevan, Armenia"
"Yerevan, Armenia"
"Yerevan, Armenia"
"Yerevan, Armenia"
"Yerevan, Armenia"
"Yerevan, Armenia"
"Yerevan, Armenia"
"Yerevan, Armenia"
"Yerevan, Armenia"
"Yerevan, Armenia"
"Yerevan, Armenia"
"Yerevan, Armenia"
"Yerevan, Armenia"
"Yerevan, Armenia"
"Yerevan, Armenia"
"Yerevan, Armenia"
"Yerevan, Armenia"
"Yerevan, Armenia"
"Yerevan, Armenia"
"Yerevan, Armenia"
"Yerevan, Armenia"
"Yerevan, Armenia"
"Yerevan, Armenia"
"Yerevan, Armenia"
"Yerevan, Armenia"
"Yerevan, Armenia"
"Yerevan, Armenia"
"Yerevan, Armenia"
"Yerevan, Armenia"
"Yerevan, Armenia"
"Yerevan, Armenia"
"Yerevan, Armenia"
"Yerevan, Armenia"
"Yerevan, Armenia"
"Yerevan, Armenia"
"Yerevan, Armenia"
"Yerevan, Armenia"
"Yerevan, Armenia"
"Yerevan, Armenia"
"Yerevan, Armenia"
"Yerevan, Armenia"
"Yerevan, Armenia"
"Yerevan, Armenia"
"Yerevan, Armenia"
"Yerevan, Armenia"
"Yerevan, Armenia"
"Yerevan, Armenia"
"Yerevan, Armenia"
"Yerevan, Armenia"
"Yerevan, Armenia"
"Yerevan, Armenia"
"Yerevan, Armenia"
"Goris, Armenia"
"Yerevan, Armenia"
"Yerevan, Armenia"
"Yerevan, Armenia"
"Yerevan, Armenia"
"Yerevan, Armenia"
"Yerevan, Armenia"
"Yerevan, Armenia"
"Yerevan, Armenia"
"Yerevan, Armenia"
"Yerevan, Armenia"
"Yerevan, Armenia"
"Yerevan, Armenia"
"Yerevan, Armenia"
"Yerevan, Armenia"
"Yerevan, Armenia"
"Yerevan, Armenia"
"Yerevan, Armenia"
"Yerevan, Armenia"
"Yerevan, Armenia"
"Yerevan, Armenia"
"Yerevan, Armenia"
"Yerevan, Armenia"
"Yerevan, Armenia"
"Yerevan, Armenia"
"Yerevan, Armenia"
"Yerevan, Armenia"
"Yerevan, Armenia"
"Yerevan, Armenia"
"Yerevan, Armenia"
"Yerevan, Armenia"
"Yerevan, Armenia"
"Yerevan, Armenia"
"Yerevan, Armenia"
"Yerevan, Armenia"
"Yerevan, Armenia"
"Yerevan, Armenia"
"Yerevan, Armenia"
"Yerevan, Armenia"
"Yerevan, Armenia"
"Yerevan, Armenia"
"Yerevan, Armenia"
"Yerevan, Armenia"
"Yerevan, Armenia"
"Yerevan, Armenia"
"Yerevan, Armenia"
"Yerevan, Armenia"
"Yerevan, Armenia"
"Yerevan, Armenia"
"Yerevan, Armenia"
"Yerevan, Armenia"
"Yerevan, Armenia"
"Yerevan, Armenia"
"Yerevan, Armenia"
"Yerevan, Armenia"
"Yerevan, Armenia"
"Yerevan, Armenia"
"Yerevan, Armenia"
"Yerevan, Armenia"
"Yerevan, Armenia"
"Yerevan, Armenia"
"Yerevan, Armenia"
"Gyumri, Armenia"
"Yerevan, Armenia"
"Yerevan, Armenia"
"Yerevan, Armenia"
"Yerevan, Armenia"
"Yerevan, Armenia"
"Yerevan, Armenia"
"Yerevan, Armenia"
"Yerevan, Armenia"
"Yerevan, Armenia"
"Gyumri, Armenia"
"Yerevan, Armenia"
"Yerevan, Armenia"
"Yerevan, Armenia"
"Yerevan, Armenia"
"Yerevan, Armenia"
"Yerevan, Armenia"
"Yerevan, Armenia"
"Yerevan, Armeni"
"Yerevan, Armenia"
"Yerevan, Armenia"
"Yerevan, Armenia"
"Yerevan, Armenia"
"Yerevan, Armenia"
"Yerevan, Armenia"
"Yerevan, Armenia"
"Yerevan, Armenia"
"Yerevan, Armenia"
"Yerevan, Armenia"
"Yerevan, Armenia"
"Yerevan, Armenia"
"Yerevan, Armenia"
"Yerevan, Armenia"
"Yerevan, Armenia"
"Yerevan, Armenia"
"Yerevan, Armenia"
"Yerevan, Armenia"
"Yerevan, Armenia"
"Yerevan, Armenia"
"Yerevan, Armenia"
"Yerevan, Armenia"
"Yerevan, Armenia"
"Yerevan, Armenia"
"Yerevan, Armenia"
"Yerevan, Armenia"
"Yerevan, Armenia"
"Yerevan, Armenia"
"Yerevan, Armenia"
"Yerevan, Armenia"
"Yerevan, Armenia"
"Yerevan, Armenia"
"Yerevan, Armenia"
"Yerevan, Armenia"
"Abovyan, Armenia"
"Yerevan, Armenia"
"Yerevan, Armenia"
"Yerevan, Armenia"
"Yerevan, Armenia"
"Yerevan, Armenia"
"Yerevan, Armenia"
"Yerevan, Armenia"
"Yerevan, Armenia"
"Yerevan, Armenia"
"Yerevan, Armenia"
"Yerevan, Armenia"
"Yerevan, Armenia"
"Yerevan, Armenia"
"Yerevan, Armenia"
"Yerevan, Armenia"
"Yerevan, Armenia"
"Yerevan, Armenia"
"Yerevan, Armenia"
"Yerevan, Armenia"
"Yerevan, Armenia"
"Yerevan, Armenia"
"Yerevan, Armenia"
"Yerevan, Armenia"
"Yerevan, Armenia"
"Yerevan, Armenia"
"Yerevan, Armenia"
"Yerevan, Armenia"
"Yerevan, Armenia"
"Yerevan, Armenia"
"Yerevan, Armenia"
"Yerevan, Armenia"
"Yerevan, Armenia"
"Yerevan, Armenia"
"Yerevan, Armenia"
"Yerevan, Armenia"
"Yerevan, Armenia"
"Yerevan, Armenia"
"Yerevan, Armenia"
"Yerevan, Armenia"
"Yerevan, Armenia"
"Yerevan, Armenia"
"Yerevan, Armenia"
"Yerevan, Armenia"
"Yerevan, Armenia"
"Yerevan, Armenia"
"Yerevan, Armenia"
"Yerevan, Armenia"
"Yerevan, Armenia"
"Stepanavan, Armenia"
"Yerevan, Armenia"
"Yerevan, Armenia"
"Vardenis, Armenia"
"Yeghegnadzor, Armenia"
"Yerevan, Armenia"
"Yerevan, Armenia"
"Yerevan, Armenia"
"Yerevan, Armenia"
"Yerevan, Armenia"
"Yerevan, Armenia"
"Yerevan, Armenia"
"Yerevan, Armenia"
"Yerevan, Armenia"
"Yerevan, Armenia"
"Yerevan, Armenia"
"Yerevan, Armenia"
"Yerevan, Armenia"
"Yerevan, Armenia"
"Yerevan, Armenia"
"Yerevan, Armenia"
"Yerevan, Armenia"
"Yerevan, Armenia"
"Yerevan, Armenia"
"Yerevan, Armenia"
"Yerevan, Armenia"
"Yerevan, Armenia"
"Yerevan, Armenia"
"Yerevan, Armenia"
"Yerevan, Armenia"
"Yerevan, Armenia"
"Yerevan, Armenia"
"Yerevan, Armenia"
"Yerevan, Armenia"
"Yerevan, Armenia"
"Yerevan, Armenia"
"Yerevan, Armenia"
"Yerevan, Armenia"
"Yerevan, Armenia"
"Yerevan, Armenia"
"Dilijan, Armenia"
"Yerevan, Armenia"
"Yerevan, Armenia"
"Yerevan, Armenia"
"Yerevan, Armenia"
"Yerevan, Armenia"
"Yerevan, Armenia"
"Yerevan, Armenia"
"Yerevan, Armenia"
"Yerevan, Armenia"
"Yerevan, Armenia"
"Yerevan, Armenia"
"Yerevan, Armenia"
"Yerevan, Armenia"
"Yerevan, Armenia"
"Yerevan, Armenia"
"Yerevan, Armenia"
"Yerevan, Armenia"
"Yerevan, Armenia"
"Yerevan, Armenia"
"Yerevan, Armenia"
"Yerevan, Armenia"
"Yerevan, Armenia"
Armenia
Armenia
"Yerevan, Armenia"
"Yerevan, Armenia"
"Yerevan, Armenia"
"Yerevan, Armenia"
"Yerevan, Armenia"
"Abovyan, Armenia"
"Yerevan, Armenia"
"Yerevan, Armenia"
"Yerevan, Armenia"
"Yerevan, Armenia"
"Yerevan, Armenia"
"Yerevan, Armenia"
"Yerevan, Armenia"
"Yerevan, Armenia"
"Yerevan, Armenia"
"Yerevan, Armenia"
"Yerevan, Armenia"
"Yerevan, Armenia"
"Abovyan, Armenia"
"Yerevan, Armenia"
"Yerevan, Armenia"
"Yerevan, Armenia"
"Yerevan, Armenia"
"Yerevan, Armenia"
"Yerevan, Armenia"
"Yerevan, Armenia"
"Yerevan, Armenia"
"Yerevan, Armenia"
"Yerevan, Armenia"
"Yerevan, Armenia"
"Yerevan, Armenia"
"Sevan, Armenia"
"Yerevan, Armenia"
"Yerevan, Armenia"
"Yerevan, Armenia"
"Yerevan, Armenia"
"Yerevan, Armenia"
"Yerevan, Armenia"
"Yerevan, Armenia"
"Yerevan, Armenia"
"Yerevan, Armenia"
"Yerevan, Armenia"
"Yerevan, Armenia"
"Yerevan, Armenia"
"Yerevan, Armenia"
"Yerevan, Armenia"
"Yerevan, Armenia"
"Yerevan, Armenia"
"Yerevan, Armenia"
"Yerevan, Armenia"
"Yerevan, Armenia"
"Yerevan, Armenia"
"Yerevan, Armenia"
"Yerevan, Armenia"
"Yerevan, Armenia"
"Yerevan, Armenia"
"Yerevan, Armenia"
"Yerevan, Armenia"
"Yerevan, Armenia"
"Yerevan, Armenia"
"Yerevan, Armenia"
"Yerevan, Armenia"
"Yerevan, Armenia"
"Yerevan, Armenia"
"Yerevan, Armenia"
"Yerevan, Armenia"
"Yerevan, Armenia"
"Yerevan, Armenia"
"Yerevan, Armenia"
"Yerevan, Armenia"
"Yerevan, Armenia"
"Yerevan, Armenia"
"Yerevan, Armenia"
"Yerevan, Armenia"
"Yerevan, Armenia"
"Yerevan, Armenia"
"Yerevan, Armenia"
"Yerevan, Armenia"
"Yerevan, Armenia"
"Ararat, Armenia"
"Yerevan, Armenia"
"Yerevan, Armenia"
"Yerevan, Armenia"
"Yerevan, Armenia"
"Yerevan, Armenia"
"Yerevan, Armenia"
"Yerevan, Armenia"
"Yerevan, Armenia"
"Yerevan, Armenia"
"Yerevan, Armenia"
"Yerevan, Armenia"
"Yerevan, Armenia"
"Yerevan, Armenia"
"Yerevan, Armenia"
"Yerevan, Armenia"
"Yerevan, Armenia"
"Yerevan, Armenia"
"Yerevan, Armenia"
"Yerevan, Armenia"
"Yerevan, Armenia"
"Yerevan, Armenia"
"Yerevan, Armenia"
"Yerevan, Armenia"
"Yerevan, Armenia"
"Yerevan, Armenia"
"Yerevan, Armenia"
"Yerevan, Armenia"
"Yerevan, Armenia"
"Yerevan, Armenia"
"Yerevan, Armenia"
"Yerevan, Armenia"
"Yerevan, Armenia"
"Yerevan, Armenia"
"Yerevan, Armenia"
"Abovyan, Armenia"
"Yerevan, Armenia"
"Yerevan, Armenia"
"Yerevan, Armenia"
"Yerevan, Armenia"
"Yerevan, Armenia"
"Yerevan, Armenia"
"Yerevan, Armenia"
"Yerevan, Armenia"
"Yerevan, Armenia"
"Yerevan, Armenia"
"Yerevan, Armenia"
"Yerevan, Armenia"
"Yerevan, Armenia"
"Yerevan, Armenia"
